date_sk,full_date,year,month,day
5028545975938480010,2016-01-01,2016,1,1
17224601274589809963,2016-01-02,2016,1,2
15752816128752308358,2016-01-03,2016,1,3
11945690670812419472,2016-01-04,2016,1,4
8487396836306341417,2016-01-05,2016,1,5
9270970186039788613,2016-01-06,2016,1,6
13582405466975050723,2016-01-07,2016,1,7
14204740724685247800,2016-01-08,2016,1,8
4258527866012881865,2016-01-09,2016,1,9
13159138592818841860,2016-01-10,2016,1,10
11337932903816090045,2016-01-11,2016,1,11
14080136664726719622,2016-01-12,2016,1,12
1378487182166010722,2016-01-13,2016,1,13
5885450197797981514,2016-01-14,2016,1,14
389591447645460535,2016-01-15,2016,1,15
3329805007085569743,2016-01-16,2016,1,16
13688771749048326053,2016-01-17,2016,1,17
6591856073149910780,2016-01-18,2016,1,18
12545429995175649785,2016-01-19,2016,1,19
8400594628558371624,2016-01-20,2016,1,20
2242181024369924028,2016-01-21,2016,1,21
3079200282957911583,2016-01-22,2016,1,22
12514285655810550861,2016-01-23,2016,1,23
13579592881983525982,2016-01-24,2016,1,24
9081577070701856926,2016-01-25,2016,1,25
10024297997846088582,2016-01-26,2016,1,26
2097237213554509079,2016-01-27,2016,1,27
8786213370490292896,2016-01-28,2016,1,28
13367262542775012048,2016-01-29,2016,1,29
18007803675466680266,2016-01-30,2016,1,30
10950823909723413491,2016-01-31,2016,1,31
18249782630143997830,2016-02-01,2016,2,1
15900973121893897617,2016-02-02,2016,2,2
1154657937409858284,2016-02-03,2016,2,3
3782684365853583063,2016-02-04,2016,2,4
4210859074649175885,2016-02-05,2016,2,5
11170620032457582077,2016-02-06,2016,2,6
9966431237758733233,2016-02-07,2016,2,7
8637986507954276003,2016-02-08,2016,2,8
394443944911775936,2016-02-09,2016,2,9
17513592932531082633,2016-02-10,2016,2,10
3938892304916501983,2016-02-11,2016,2,11
1629467369636572414,2016-02-12,2016,2,12
4220521206752993958,2016-02-13,2016,2,13
13429922076848358012,2016-02-14,2016,2,14
9860073957625282598,2016-02-15,2016,2,15
10064339119375103773,2016-02-16,2016,2,16
3417191639791288806,2016-02-17,2016,2,17
1991836744816191012,2016-02-18,2016,2,18
17260335724037055759,2016-02-19,2016,2,19
7869499063042967103,2016-02-20,2016,2,20
1098602062357445611,2016-02-21,2016,2,21
13709974775411757427,2016-02-22,2016,2,22
2673009677251442714,2016-02-23,2016,2,23
17859185698107149394,2016-02-24,2016,2,24
16029446839513033764,2016-02-25,2016,2,25
4989032972910305692,2016-02-26,2016,2,26
10542526566581734596,2016-02-27,2016,2,27
1269915348139137371,2016-02-28,2016,2,28
8723974081749688755,2016-02-29,2016,2,29
14713317214864428901,2016-03-01,2016,3,1
6688619381957513251,2016-03-02,2016,3,2
5599226050743203369,2016-03-03,2016,3,3
9466160333791043204,2016-03-04,2016,3,4
403155443840209406,2016-03-05,2016,3,5
11762711941709459426,2016-03-06,2016,3,6
3777260228563245532,2016-03-07,2016,3,7
234308923299973057,2016-03-08,2016,3,8
7395351010491294167,2016-03-09,2016,3,9
7250995684495927334,2016-03-10,2016,3,10
17845065319435690253,2016-03-11,2016,3,11
15162353296382934557,2016-03-12,2016,3,12
2404516290311944496,2016-03-13,2016,3,13
15892814117129776474,2016-03-14,2016,3,14
9269229995473321865,2016-03-15,2016,3,15
5434247937665676889,2016-03-16,2016,3,16
3856401471166405643,2016-03-17,2016,3,17
15598431426710093346,2016-03-18,2016,3,18
11493022873538860255,2016-03-19,2016,3,19
2541368101595467368,2016-03-20,2016,3,20
684999549332186981,2016-03-21,2016,3,21
2551940992815015596,2016-03-22,2016,3,22
4006803052762518507,2016-03-23,2016,3,23
13996766535524771517,2016-03-24,2016,3,24
1894792948642911638,2016-03-25,2016,3,25
7050455036253306815,2016-03-26,2016,3,26
8827518073700246670,2016-03-27,2016,3,27
12766652606550817412,2016-03-28,2016,3,28
1560817028409245466,2016-03-29,2016,3,29
1468985616502144345,2016-03-30,2016,3,30
6133355025890895368,2016-03-31,2016,3,31
14402528727324714314,2016-04-01,2016,4,1
13659636651038544074,2016-04-02,2016,4,2
998012487057749717,2016-04-03,2016,4,3
13820332516289154084,2016-04-04,2016,4,4
14075781542349235404,2016-04-05,2016,4,5
2785398664594835233,2016-04-06,2016,4,6
6177329398037956622,2016-04-07,2016,4,7
8664802924122742930,2016-04-08,2016,4,8
14354843402155519854,2016-04-09,2016,4,9
18385070176076988294,2016-04-10,2016,4,10
13837206133135168513,2016-04-11,2016,4,11
15017975177965864933,2016-04-12,2016,4,12
11794556906785713888,2016-04-13,2016,4,13
5530166613919419602,2016-04-14,2016,4,14
12160284764699227167,2016-04-15,2016,4,15
11575914326427119742,2016-04-16,2016,4,16
2821504209059805808,2016-04-17,2016,4,17
2534122929153897747,2016-04-18,2016,4,18
4876693665158142560,2016-04-19,2016,4,19
9740546709396897307,2016-04-20,2016,4,20
17135283562655810114,2016-04-21,2016,4,21
9873008057439999369,2016-04-22,2016,4,22
14659852857059797284,2016-04-23,2016,4,23
813649367451672418,2016-04-24,2016,4,24
3786625616963587979,2016-04-25,2016,4,25
7888061254177681843,2016-04-26,2016,4,26
12298938587829290594,2016-04-27,2016,4,27
17589616309958161428,2016-04-28,2016,4,28
3347435189924215135,2016-04-29,2016,4,29
4124646302426452448,2016-04-30,2016,4,30
1947015381015230277,2016-05-01,2016,5,1
14236061974286091636,2016-05-02,2016,5,2
1935314254313111077,2016-05-03,2016,5,3
2058697205289409872,2016-05-04,2016,5,4
17864885386551667922,2016-05-05,2016,5,5
14712499302789626484,2016-05-06,2016,5,6
7687450924829899053,2016-05-07,2016,5,7
13183519630163561062,2016-05-08,2016,5,8
8256679879769610189,2016-05-09,2016,5,9
14266935773304839752,2016-05-10,2016,5,10
15586816653843968449,2016-05-11,2016,5,11
2803366216730151416,2016-05-12,2016,5,12
1121857802704654982,2016-05-13,2016,5,13
1953459201269418762,2016-05-14,2016,5,14
14104940460804999298,2016-05-15,2016,5,15
3133227216674900893,2016-05-16,2016,5,16
11689301049855535135,2016-05-17,2016,5,17
10238056873719790971,2016-05-18,2016,5,18
13537553095857619833,2016-05-19,2016,5,19
11270084329235554537,2016-05-20,2016,5,20
6942909043050591379,2016-05-21,2016,5,21
2418363870328228283,2016-05-22,2016,5,22
7256900600491594839,2016-05-23,2016,5,23
17917995418203219373,2016-05-24,2016,5,24
14906361233580514422,2016-05-25,2016,5,25
4354407243505189104,2016-05-26,2016,5,26
10006171737884815233,2016-05-27,2016,5,27
13410278319810840527,2016-05-28,2016,5,28
18047827998082192881,2016-05-29,2016,5,29
13138725444406127258,2016-05-30,2016,5,30
2351433975392929008,2016-05-31,2016,5,31
13852528971501183212,2016-06-01,2016,6,1
8349440283301956508,2016-06-02,2016,6,2
11509679338269246911,2016-06-03,2016,6,3
16632907027833624845,2016-06-04,2016,6,4
14934666002108316104,2016-06-05,2016,6,5
17732503903556484102,2016-06-06,2016,6,6
6466982893071000605,2016-06-07,2016,6,7
3871447564692601492,2016-06-08,2016,6,8
2721279803058377397,2016-06-09,2016,6,9
6360118662108685871,2016-06-10,2016,6,10
499757099263842992,2016-06-11,2016,6,11
15150748273969201926,2016-06-12,2016,6,12
2220784856552308873,2016-06-13,2016,6,13
7011036889247541269,2016-06-14,2016,6,14
4221428688115331649,2016-06-15,2016,6,15
6681756125100259713,2016-06-16,2016,6,16
1690939893843629466,2016-06-17,2016,6,17
6950029761025071067,2016-06-18,2016,6,18
7170356144853762133,2016-06-19,2016,6,19
18360571893628467254,2016-06-20,2016,6,20
13146795031071232888,2016-06-21,2016,6,21
2549268635292718941,2016-06-22,2016,6,22
8474996972654719674,2016-06-23,2016,6,23
3244961498469289507,2016-06-24,2016,6,24
17903814753131289717,2016-06-25,2016,6,25
16506280213606198003,2016-06-26,2016,6,26
8540512175767089352,2016-06-27,2016,6,27
11335910472705297497,2016-06-28,2016,6,28
16296590482402853619,2016-06-29,2016,6,29
11741441073655283189,2016-06-30,2016,6,30
17008688645666984552,2016-07-01,2016,7,1
16837888668992382400,2016-07-02,2016,7,2
11518134603049687031,2016-07-03,2016,7,3
4876383244660385326,2016-07-04,2016,7,4
2221554416081081074,2016-07-05,2016,7,5
5055827247572622116,2016-07-06,2016,7,6
17942071785694050741,2016-07-07,2016,7,7
12449248702839914436,2016-07-08,2016,7,8
696049091302822845,2016-07-09,2016,7,9
2282322806403200311,2016-07-10,2016,7,10
7172224872425869936,2016-07-11,2016,7,11
14023742499134674177,2016-07-12,2016,7,12
16508697479486844359,2016-07-13,2016,7,13
7339499059870190977,2016-07-14,2016,7,14
11649135906175622796,2016-07-15,2016,7,15
5546431658869168603,2016-07-16,2016,7,16
3896636465023930158,2016-07-17,2016,7,17
9230717741009617108,2016-07-18,2016,7,18
3921549392119304646,2016-07-19,2016,7,19
13191664802495418487,2016-07-20,2016,7,20
9037354524443200129,2016-07-21,2016,7,21
13178839989419660428,2016-07-22,2016,7,22
1254462468379206510,2016-07-23,2016,7,23
18405164482546770620,2016-07-24,2016,7,24
1008807933944316456,2016-07-25,2016,7,25
8845458897589106691,2016-07-26,2016,7,26
17694157258244666177,2016-07-27,2016,7,27
12167311846218239842,2016-07-28,2016,7,28
3587319414038060953,2016-07-29,2016,7,29
2168663238346763823,2016-07-30,2016,7,30
18027966396908156495,2016-07-31,2016,7,31
10958433755096286847,2016-08-01,2016,8,1
12973359218111033475,2016-08-02,2016,8,2
8821004349177223916,2016-08-03,2016,8,3
4791993472045837082,2016-08-04,2016,8,4
4726979454468260458,2016-08-05,2016,8,5
11347610546425233673,2016-08-06,2016,8,6
1908808102834214833,2016-08-07,2016,8,7
12222937395958938571,2016-08-08,2016,8,8
14554882310940120167,2016-08-09,2016,8,9
7168416147249457279,2016-08-10,2016,8,10
9894762227218131396,2016-08-11,2016,8,11
11935486982743542387,2016-08-12,2016,8,12
2106546006808293659,2016-08-13,2016,8,13
9810440270272120269,2016-08-14,2016,8,14
5134161887964626403,2016-08-15,2016,8,15
12471653878900319497,2016-08-16,2016,8,16
11739239703614978061,2016-08-17,2016,8,17
11333820941012126251,2016-08-18,2016,8,18
7127721958645666393,2016-08-19,2016,8,19
4639873097130588839,2016-08-20,2016,8,20
13944177968843835987,2016-08-21,2016,8,21
6725633287250126258,2016-08-22,2016,8,22
17694046445391142966,2016-08-23,2016,8,23
2152665620994680532,2016-08-24,2016,8,24
11277697306194363510,2016-08-25,2016,8,25
817656227822208456,2016-08-26,2016,8,26
4050876481969826156,2016-08-27,2016,8,27
1767076496054823870,2016-08-28,2016,8,28
13313619083337505139,2016-08-29,2016,8,29
1497235305614410602,2016-08-30,2016,8,30
5111917505310240474,2016-08-31,2016,8,31
12859762617023346474,2016-09-01,2016,9,1
10989486238202348398,2016-09-02,2016,9,2
4235327186524728242,2016-09-03,2016,9,3
1487193056878544748,2016-09-04,2016,9,4
16403444684380227813,2016-09-05,2016,9,5
1756513494040205325,2016-09-06,2016,9,6
5129808854724189245,2016-09-07,2016,9,7
13963762709257619225,2016-09-08,2016,9,8
8461425811748113855,2016-09-09,2016,9,9
9602601925137903762,2016-09-10,2016,9,10
2345346696533408479,2016-09-11,2016,9,11
14995722724666442695,2016-09-12,2016,9,12
9497489308533107617,2016-09-13,2016,9,13
8153973924539632724,2016-09-14,2016,9,14
16114618240321064841,2016-09-15,2016,9,15
11463852991259653241,2016-09-16,2016,9,16
11658224790694801598,2016-09-17,2016,9,17
12647808085711514603,2016-09-18,2016,9,18
13880785541061096013,2016-09-19,2016,9,19
352308745960970001,2016-09-20,2016,9,20
13770779168768913130,2016-09-21,2016,9,21
17444464054945842888,2016-09-22,2016,9,22
15253581023205275391,2016-09-23,2016,9,23
17261292618533070187,2016-09-24,2016,9,24
7163363124715871669,2016-09-25,2016,9,25
13453915416231911016,2016-09-26,2016,9,26
11950089526519410239,2016-09-27,2016,9,27
14021671658954446457,2016-09-28,2016,9,28
18073859673110105625,2016-09-29,2016,9,29
4345690842502619922,2016-09-30,2016,9,30
17847628879197637647,2016-10-01,2016,10,1
14742449365212871467,2016-10-02,2016,10,2
2659899992205165861,2016-10-03,2016,10,3
2523349880602032235,2016-10-04,2016,10,4
10433569065325174383,2016-10-05,2016,10,5
3718679208299201541,2016-10-06,2016,10,6
4690296534367585426,2016-10-07,2016,10,7
13826080163693116599,2016-10-08,2016,10,8
13916005501538904994,2016-10-09,2016,10,9
2046422583491684116,2016-10-10,2016,10,10
2810415386532136245,2016-10-11,2016,10,11
74493923316712503,2016-10-12,2016,10,12
12016072344643150567,2016-10-13,2016,10,13
9842148873197998938,2016-10-14,2016,10,14
5029184843400051809,2016-10-15,2016,10,15
12207885569715629379,2016-10-16,2016,10,16
11126628978298976984,2016-10-17,2016,10,17
12044413005972098544,2016-10-18,2016,10,18
373396391158702818,2016-10-19,2016,10,19
5169267962232348769,2016-10-20,2016,10,20
18051962979369829916,2016-10-21,2016,10,21
5796570736537003660,2016-10-22,2016,10,22
7884227809290544640,2016-10-23,2016,10,23
2944900929603065768,2016-10-24,2016,10,24
3226898206246422793,2016-10-25,2016,10,25
13140505723192271926,2016-10-26,2016,10,26
7155948690637060386,2016-10-27,2016,10,27
748053257945110840,2016-10-28,2016,10,28
18038940513112126086,2016-10-29,2016,10,29
12862870214094062540,2016-10-30,2016,10,30
12196579853776223402,2016-10-31,2016,10,31
15120317208196356896,2016-11-01,2016,11,1
4028929844809319884,2016-11-02,2016,11,2
2958920137147949978,2016-11-03,2016,11,3
7360742018605587154,2016-11-04,2016,11,4
7197019406279808419,2016-11-05,2016,11,5
7371937863156564909,2016-11-06,2016,11,6
17007260897579013599,2016-11-07,2016,11,7
4250201667852845892,2016-11-08,2016,11,8
9447691145163966454,2016-11-09,2016,11,9
5385829471003807277,2016-11-10,2016,11,10
3906135710667104106,2016-11-11,2016,11,11
17786306264576648414,2016-11-12,2016,11,12
15974299301509317130,2016-11-13,2016,11,13
3477268601698311959,2016-11-14,2016,11,14
5742200732194095758,2016-11-15,2016,11,15
4150011762703760179,2016-11-16,2016,11,16
4272660829392946131,2016-11-17,2016,11,17
16682256275100592660,2016-11-18,2016,11,18
5373762442668788938,2016-11-19,2016,11,19
17150984835799602097,2016-11-20,2016,11,20
15649011304274885799,2016-11-21,2016,11,21
6808078350669307488,2016-11-22,2016,11,22
15820791865487486175,2016-11-23,2016,11,23
1947823298248927779,2016-11-24,2016,11,24
4473633868295685921,2016-11-25,2016,11,25
4069258202570265561,2016-11-26,2016,11,26
8753198817273157148,2016-11-27,2016,11,27
5557640970454242064,2016-11-28,2016,11,28
11822792578159419708,2016-11-29,2016,11,29
14442304020181277411,2016-11-30,2016,11,30
18324368277263358551,2016-12-01,2016,12,1
13758441539272414791,2016-12-02,2016,12,2
15960010337488306604,2016-12-03,2016,12,3
2323286363973729053,2016-12-04,2016,12,4
9152440278719905902,2016-12-05,2016,12,5
6536302991458058695,2016-12-06,2016,12,6
8650438717893894917,2016-12-07,2016,12,7
8648535794492361930,2016-12-08,2016,12,8
9198904386719653947,2016-12-09,2016,12,9
11130146437367635284,2016-12-10,2016,12,10
6808830771843828026,2016-12-11,2016,12,11
10332036103345780785,2016-12-12,2016,12,12
1593037108273547927,2016-12-13,2016,12,13
15615167065191505870,2016-12-14,2016,12,14
14930920592294695999,2016-12-15,2016,12,15
9195344378699891144,2016-12-16,2016,12,16
42761809442477367,2016-12-17,2016,12,17
11862155094087070323,2016-12-18,2016,12,18
17897122658522696482,2016-12-19,2016,12,19
100000568394619271,2016-12-20,2016,12,20
9745698019827238159,2016-12-21,2016,12,21
795523159606253161,2016-12-22,2016,12,22
10557159080194247509,2016-12-23,2016,12,23
5894260280077336010,2016-12-24,2016,12,24
13322117187399391444,2016-12-25,2016,12,25
615464787461950237,2016-12-26,2016,12,26
6872535845198911284,2016-12-27,2016,12,27
17094584117167492764,2016-12-28,2016,12,28
11442616549086251389,2016-12-29,2016,12,29
103054439628315382,2016-12-30,2016,12,30
12502634672745190081,2016-12-31,2016,12,31
16617488020001837825,2017-01-01,2017,1,1
1237864803650737190,2017-01-02,2017,1,2
10106935679697911924,2017-01-03,2017,1,3
16070012260604782004,2017-01-04,2017,1,4
8450702643351346179,2017-01-05,2017,1,5
5174799035816082638,2017-01-06,2017,1,6
8662243744108370601,2017-01-07,2017,1,7
12941149829603405497,2017-01-08,2017,1,8
14453783419237536125,2017-01-09,2017,1,9
8432259399856740874,2017-01-10,2017,1,10
13564228783957244706,2017-01-11,2017,1,11
2368481549476703799,2017-01-12,2017,1,12
6680196733985381757,2017-01-13,2017,1,13
4170224249986507736,2017-01-14,2017,1,14
14621390071005607830,2017-01-15,2017,1,15
4402276181484562132,2017-01-16,2017,1,16
1571483289759451890,2017-01-17,2017,1,17
1817598896751916914,2017-01-18,2017,1,18
16139130727328849535,2017-01-19,2017,1,19
5017054512666334117,2017-01-20,2017,1,20
14900703628213750139,2017-01-21,2017,1,21
14005739409717872856,2017-01-22,2017,1,22
4726905068838814208,2017-01-23,2017,1,23
13650504216320935550,2017-01-24,2017,1,24
5165162992279542358,2017-01-25,2017,1,25
7542627210144803265,2017-01-26,2017,1,26
15114035742396730750,2017-01-27,2017,1,27
16137041743275777281,2017-01-28,2017,1,28
17693452047955892810,2017-01-29,2017,1,29
6752503946661255002,2017-01-30,2017,1,30
14839917804293254733,2017-01-31,2017,1,31
5630362425921840690,2017-02-01,2017,2,1
13077102721480526205,2017-02-02,2017,2,2
18286019501172531106,2017-02-03,2017,2,3
11738474840592105612,2017-02-04,2017,2,4
5896565637344138720,2017-02-05,2017,2,5
6426408886691722199,2017-02-06,2017,2,6
6179895461168115920,2017-02-07,2017,2,7
1617779130704096298,2017-02-08,2017,2,8
11405149178182648598,2017-02-09,2017,2,9
16453162248001960670,2017-02-10,2017,2,10
16826157754528092604,2017-02-11,2017,2,11
16766282073668539319,2017-02-12,2017,2,12
6544788317461048961,2017-02-13,2017,2,13
5917242335253985269,2017-02-14,2017,2,14
6208351902990174941,2017-02-15,2017,2,15
3166480039533469221,2017-02-16,2017,2,16
7596509579157595696,2017-02-17,2017,2,17
16878837348239617487,2017-02-18,2017,2,18
2785453726472964409,2017-02-19,2017,2,19
13834090906564062779,2017-02-20,2017,2,20
11782254367184386877,2017-02-21,2017,2,21
15188721979698237417,2017-02-22,2017,2,22
11084263661870146962,2017-02-23,2017,2,23
17803258802812030211,2017-02-24,2017,2,24
640953313025716679,2017-02-25,2017,2,25
9203612078000859292,2017-02-26,2017,2,26
3032740250446356105,2017-02-27,2017,2,27
1326850254974760737,2017-02-28,2017,2,28
13467263928820472844,2017-03-01,2017,3,1
2149873232356210695,2017-03-02,2017,3,2
6763485031280940481,2017-03-03,2017,3,3
16419288962596746230,2017-03-04,2017,3,4
17173927123701012572,2017-03-05,2017,3,5
12387009858170577582,2017-03-06,2017,3,6
10616302890259203309,2017-03-07,2017,3,7
15695716946880514817,2017-03-08,2017,3,8
4516190509057338730,2017-03-09,2017,3,9
4470912555955363833,2017-03-10,2017,3,10
11138631999029772255,2017-03-11,2017,3,11
3873731270340340674,2017-03-12,2017,3,12
366950059517108576,2017-03-13,2017,3,13
723069375603002583,2017-03-14,2017,3,14
18087812836029697880,2017-03-15,2017,3,15
2297087387801215888,2017-03-16,2017,3,16
13582805899183418241,2017-03-17,2017,3,17
3552440782122703028,2017-03-18,2017,3,18
6500747989770384528,2017-03-19,2017,3,19
10562199088796381038,2017-03-20,2017,3,20
10530892972634090569,2017-03-21,2017,3,21
458863530451389097,2017-03-22,2017,3,22
7033516654140455837,2017-03-23,2017,3,23
18037276805986500993,2017-03-24,2017,3,24
18108058901356868401,2017-03-25,2017,3,25
10876629779299215071,2017-03-26,2017,3,26
6374738586347069283,2017-03-27,2017,3,27
16518338199585015273,2017-03-28,2017,3,28
11667004593380947508,2017-03-29,2017,3,29
16718070804896095683,2017-03-30,2017,3,30
9244840913552408766,2017-03-31,2017,3,31
10536367979634457276,2017-04-01,2017,4,1
11266166773717995891,2017-04-02,2017,4,2
6476594436575618144,2017-04-03,2017,4,3
9458894742935316459,2017-04-04,2017,4,4
10642376609706708676,2017-04-05,2017,4,5
14593799871126112563,2017-04-06,2017,4,6
12108838820030187694,2017-04-07,2017,4,7
5266730498943116261,2017-04-08,2017,4,8
4594218196424503289,2017-04-09,2017,4,9
5537198882703191268,2017-04-10,2017,4,10
11677478551491200305,2017-04-11,2017,4,11
16009291896958095958,2017-04-12,2017,4,12
9554043882272165473,2017-04-13,2017,4,13
11974856517341072004,2017-04-14,2017,4,14
11586959658779552468,2017-04-15,2017,4,15
8177728769551574195,2017-04-16,2017,4,16
12912490772556751343,2017-04-17,2017,4,17
10332729529091706425,2017-04-18,2017,4,18
9829795351961779169,2017-04-19,2017,4,19
10029603101468149821,2017-04-20,2017,4,20
6440359194609300910,2017-04-21,2017,4,21
15524260125969020012,2017-04-22,2017,4,22
10797846029693766149,2017-04-23,2017,4,23
7988872916176488544,2017-04-24,2017,4,24
9888337679700321057,2017-04-25,2017,4,25
991875273452432721,2017-04-26,2017,4,26
10905247580901542641,2017-04-27,2017,4,27
7619738544802738746,2017-04-28,2017,4,28
16635161305127591621,2017-04-29,2017,4,29
9362857734236347801,2017-04-30,2017,4,30
16541746973415738388,2017-05-01,2017,5,1
12470547140999094719,2017-05-02,2017,5,2
2058425827484431683,2017-05-03,2017,5,3
17632786806529484080,2017-05-04,2017,5,4
9243566425780298984,2017-05-05,2017,5,5
16160874935008239157,2017-05-06,2017,5,6
3489463047983460327,2017-05-07,2017,5,7
11406236643439495978,2017-05-08,2017,5,8
10739887798745457078,2017-05-09,2017,5,9
10274356955941114507,2017-05-10,2017,5,10
16176840550931066526,2017-05-11,2017,5,11
17510074822696984996,2017-05-12,2017,5,12
14435350513723336382,2017-05-13,2017,5,13
10063577708344453666,2017-05-14,2017,5,14
14048502176018484467,2017-05-15,2017,5,15
2693199977687458633,2017-05-16,2017,5,16
14681519736591718560,2017-05-17,2017,5,17
8142437010423823987,2017-05-18,2017,5,18
10844802179194197456,2017-05-19,2017,5,19
9308342876498987280,2017-05-20,2017,5,20
12757022084846350189,2017-05-21,2017,5,21
14463118867714712957,2017-05-22,2017,5,22
5987322282689565787,2017-05-23,2017,5,23
7185093965157298059,2017-05-24,2017,5,24
17066609444468529853,2017-05-25,2017,5,25
8907152645245786470,2017-05-26,2017,5,26
13092894136319766049,2017-05-27,2017,5,27
5561788321864459550,2017-05-28,2017,5,28
17149410111665878383,2017-05-29,2017,5,29
9679413771449051956,2017-05-30,2017,5,30
5137542551377180233,2017-05-31,2017,5,31
17856972946867173758,2017-06-01,2017,6,1
2896298994157069712,2017-06-02,2017,6,2
14631900368727750939,2017-06-03,2017,6,3
2243444197326683531,2017-06-04,2017,6,4
15159433156510461278,2017-06-05,2017,6,5
984970293187439577,2017-06-06,2017,6,6
17390604210775863071,2017-06-07,2017,6,7
2983383364253984382,2017-06-08,2017,6,8
16369002480558400996,2017-06-09,2017,6,9
15275481536195460084,2017-06-10,2017,6,10
13784301300744163384,2017-06-11,2017,6,11
12343807757002455399,2017-06-12,2017,6,12
9697839517945172005,2017-06-13,2017,6,13
54873461301441860,2017-06-14,2017,6,14
1951674313128371732,2017-06-15,2017,6,15
13413537176696708521,2017-06-16,2017,6,16
6568713530547043503,2017-06-17,2017,6,17
5957181311143836577,2017-06-18,2017,6,18
507214096604410981,2017-06-19,2017,6,19
15938131190085566085,2017-06-20,2017,6,20
4351115483687697869,2017-06-21,2017,6,21
13245153726923246845,2017-06-22,2017,6,22
3470595966903124501,2017-06-23,2017,6,23
13607842788927689741,2017-06-24,2017,6,24
16051848203394335776,2017-06-25,2017,6,25
6506351185654599719,2017-06-26,2017,6,26
2841120632934374288,2017-06-27,2017,6,27
4535675989225756698,2017-06-28,2017,6,28
2658201669069028852,2017-06-29,2017,6,29
11564690303977118545,2017-06-30,2017,6,30
10699548308665989860,2017-07-01,2017,7,1
5376438005015353154,2017-07-02,2017,7,2
11191228287865019389,2017-07-03,2017,7,3
14634443731826038069,2017-07-04,2017,7,4
3739778146408614212,2017-07-05,2017,7,5
14622518538503552779,2017-07-06,2017,7,6
10652083256562552604,2017-07-07,2017,7,7
10365128588057179986,2017-07-08,2017,7,8
13666124417226926405,2017-07-09,2017,7,9
5122095504133917368,2017-07-10,2017,7,10
7120648760789353126,2017-07-11,2017,7,11
11920672148112330692,2017-07-12,2017,7,12
3994932277563654478,2017-07-13,2017,7,13
9033644627139705672,2017-07-14,2017,7,14
7435472982733645443,2017-07-15,2017,7,15
8515997871084574128,2017-07-16,2017,7,16
9251241843425295646,2017-07-17,2017,7,17
13021881296088628949,2017-07-18,2017,7,18
7771267440549702367,2017-07-19,2017,7,19
9940919920798477087,2017-07-20,2017,7,20
11974281061403236183,2017-07-21,2017,7,21
9391712223539719745,2017-07-22,2017,7,22
8664382906952690995,2017-07-23,2017,7,23
12666613676048259864,2017-07-24,2017,7,24
6617861451727639846,2017-07-25,2017,7,25
7968084265757262211,2017-07-26,2017,7,26
9377401234276004776,2017-07-27,2017,7,27
5233731607401290209,2017-07-28,2017,7,28
13778650188754643607,2017-07-29,2017,7,29
14152520364169593075,2017-07-30,2017,7,30
14905408017928386564,2017-07-31,2017,7,31
10644242613519607584,2017-08-01,2017,8,1
13292334364195893126,2017-08-02,2017,8,2
11687183489264956779,2017-08-03,2017,8,3
717488267231372871,2017-08-04,2017,8,4
4562226727781791950,2017-08-05,2017,8,5
17024695513980631225,2017-08-06,2017,8,6
1331578219224749541,2017-08-07,2017,8,7
7130653145842954610,2017-08-08,2017,8,8
14197970180800218668,2017-08-09,2017,8,9
15503592231901954079,2017-08-10,2017,8,10
8068973795357307083,2017-08-11,2017,8,11
10775090492759320959,2017-08-12,2017,8,12
10460113446377834224,2017-08-13,2017,8,13
16211773996772308473,2017-08-14,2017,8,14
369675959086506536,2017-08-15,2017,8,15
3387660239579141537,2017-08-16,2017,8,16
1558056039021507273,2017-08-17,2017,8,17
1202018820361999377,2017-08-18,2017,8,18
6064326242898048124,2017-08-19,2017,8,19
688541067450796191,2017-08-20,2017,8,20
291059389576109992,2017-08-21,2017,8,21
18082036097395732268,2017-08-22,2017,8,22
12392956548971019134,2017-08-23,2017,8,23
10863918557102592504,2017-08-24,2017,8,24
3794923638444348645,2017-08-25,2017,8,25
2494847855413262247,2017-08-26,2017,8,26
2235834660346112349,2017-08-27,2017,8,27
1249725989238715038,2017-08-28,2017,8,28
9757078119025755881,2017-08-29,2017,8,29
7583779715070860420,2017-08-30,2017,8,30
2548178858313717587,2017-08-31,2017,8,31
4601086664972165400,2017-09-01,2017,9,1
7276887013297225597,2017-09-02,2017,9,2
4064559364538711079,2017-09-03,2017,9,3
14064146114887802403,2017-09-04,2017,9,4
10662472828916093125,2017-09-05,2017,9,5
7417841584330801312,2017-09-06,2017,9,6
563384268431497422,2017-09-07,2017,9,7
9594247353995955074,2017-09-08,2017,9,8
13046827991872134133,2017-09-09,2017,9,9
6931739583466846665,2017-09-10,2017,9,10
10622845253837958085,2017-09-11,2017,9,11
12069626419179793488,2017-09-12,2017,9,12
486437907811926608,2017-09-13,2017,9,13
101089014957623707,2017-09-14,2017,9,14
3009168359645998351,2017-09-15,2017,9,15
14865525681960986730,2017-09-16,2017,9,16
15256833659241293266,2017-09-17,2017,9,17
17600357614075278064,2017-09-18,2017,9,18
15052391534265620230,2017-09-19,2017,9,19
548862179439910332,2017-09-20,2017,9,20
2118322132228149965,2017-09-21,2017,9,21
8158130866406736664,2017-09-22,2017,9,22
1654443190965046963,2017-09-23,2017,9,23
10490665299647827009,2017-09-24,2017,9,24
17839125688626308678,2017-09-25,2017,9,25
10488565418060036076,2017-09-26,2017,9,26
5682398716723022841,2017-09-27,2017,9,27
1527218489923506447,2017-09-28,2017,9,28
57153675040613961,2017-09-29,2017,9,29
5251384372847539832,2017-09-30,2017,9,30
3040801838901140041,2017-10-01,2017,10,1
7536518879800241019,2017-10-02,2017,10,2
6344628613968122658,2017-10-03,2017,10,3
9919815507414578678,2017-10-04,2017,10,4
16861306536077361600,2017-10-05,2017,10,5
8358424934160084716,2017-10-06,2017,10,6
14884967324546281000,2017-10-07,2017,10,7
11644671721638668443,2017-10-08,2017,10,8
11391558481412207724,2017-10-09,2017,10,9
6105313382533781656,2017-10-10,2017,10,10
3105537435170793069,2017-10-11,2017,10,11
2595938998400264605,2017-10-12,2017,10,12
2494963520583630473,2017-10-13,2017,10,13
162412043685372477,2017-10-14,2017,10,14
1462063551686652046,2017-10-15,2017,10,15
6614148166513188116,2017-10-16,2017,10,16
8204172446867922779,2017-10-17,2017,10,17
5140040204817365408,2017-10-18,2017,10,18
14461785711116094291,2017-10-19,2017,10,19
11732984651412330404,2017-10-20,2017,10,20
13645767413009557949,2017-10-21,2017,10,21
3593873423379141416,2017-10-22,2017,10,22
5574926855576919115,2017-10-23,2017,10,23
6465150917868581587,2017-10-24,2017,10,24
9160269922878491939,2017-10-25,2017,10,25
14287556606994031453,2017-10-26,2017,10,26
18246557943332936532,2017-10-27,2017,10,27
8667018738324248199,2017-10-28,2017,10,28
7459029325619523447,2017-10-29,2017,10,29
700114655816010577,2017-10-30,2017,10,30
6803373174420738376,2017-10-31,2017,10,31
8714565186588506812,2017-11-01,2017,11,1
12922470746660022071,2017-11-02,2017,11,2
17000679081582169169,2017-11-03,2017,11,3
11514031126873218167,2017-11-04,2017,11,4
3575009392003611804,2017-11-05,2017,11,5
10138052536739587107,2017-11-06,2017,11,6
11421331797917084562,2017-11-07,2017,11,7
3317827970821676649,2017-11-08,2017,11,8
4566686815118010781,2017-11-09,2017,11,9
12895360783133103955,2017-11-10,2017,11,10
9416502793383409699,2017-11-11,2017,11,11
18292764638656875828,2017-11-12,2017,11,12
2360903346456200140,2017-11-13,2017,11,13
1208235399364930203,2017-11-14,2017,11,14
15572463322929900757,2017-11-15,2017,11,15
18385140205791922555,2017-11-16,2017,11,16
6207103066197684133,2017-11-17,2017,11,17
1871200175302629402,2017-11-18,2017,11,18
2187009559537536752,2017-11-19,2017,11,19
13110927710731706510,2017-11-20,2017,11,20
940030332428116442,2017-11-21,2017,11,21
8195195191716484269,2017-11-22,2017,11,22
4472877469241506448,2017-11-23,2017,11,23
13436154368655152065,2017-11-24,2017,11,24
17540779007347447329,2017-11-25,2017,11,25
11252377818150755731,2017-11-26,2017,11,26
13651305667214658968,2017-11-27,2017,11,27
13782928055757428385,2017-11-28,2017,11,28
16960547488209821898,2017-11-29,2017,11,29
1852827255053916359,2017-11-30,2017,11,30
2634109559751987475,2017-12-01,2017,12,1
12182944436798927121,2017-12-02,2017,12,2
12342085920309193738,2017-12-03,2017,12,3
4207191321841671350,2017-12-04,2017,12,4
10031612020969348773,2017-12-05,2017,12,5
11202126583498165074,2017-12-06,2017,12,6
15837048549161429011,2017-12-07,2017,12,7
5679859457440928850,2017-12-08,2017,12,8
16735761533370192152,2017-12-09,2017,12,9
2569270899044301239,2017-12-10,2017,12,10
6552570703085240711,2017-12-11,2017,12,11
17624303490738861357,2017-12-12,2017,12,12
17612590296138226571,2017-12-13,2017,12,13
13417769865607595147,2017-12-14,2017,12,14
9706834713945831000,2017-12-15,2017,12,15
10066255530019568088,2017-12-16,2017,12,16
10786304482094656777,2017-12-17,2017,12,17
15058914460561182302,2017-12-18,2017,12,18
17375190227685570850,2017-12-19,2017,12,19
6356891202309932031,2017-12-20,2017,12,20
15427102363687567600,2017-12-21,2017,12,21
15000543940718893172,2017-12-22,2017,12,22
5198003543322961028,2017-12-23,2017,12,23
8188444579585874063,2017-12-24,2017,12,24
8359193580201566465,2017-12-25,2017,12,25
17161727059895531404,2017-12-26,2017,12,26
1305465978054378358,2017-12-27,2017,12,27
11794478341537257526,2017-12-28,2017,12,28
6150704227027234182,2017-12-29,2017,12,29
14910010582737167859,2017-12-30,2017,12,30
12466650229662959967,2017-12-31,2017,12,31
16193667914650927865,2018-01-01,2018,1,1
6542449766979218249,2018-01-02,2018,1,2
17963971125010105835,2018-01-03,2018,1,3
4130483269257419716,2018-01-04,2018,1,4
8980976001130505603,2018-01-05,2018,1,5
3868864934684732286,2018-01-06,2018,1,6
16418526860324151225,2018-01-07,2018,1,7
13200488440020879251,2018-01-08,2018,1,8
14866952772658140437,2018-01-09,2018,1,9
8306996819024834414,2018-01-10,2018,1,10
11208481693902486856,2018-01-11,2018,1,11
15160956505291095799,2018-01-12,2018,1,12
11773252169306668037,2018-01-13,2018,1,13
13293695891785831063,2018-01-14,2018,1,14
6222880062152738036,2018-01-15,2018,1,15
4914896833298326650,2018-01-16,2018,1,16
3191993917434858817,2018-01-17,2018,1,17
7208823975298399381,2018-01-18,2018,1,18
15985812319513450448,2018-01-19,2018,1,19
13806103228679773833,2018-01-20,2018,1,20
17280134161507242839,2018-01-21,2018,1,21
3409935896241061571,2018-01-22,2018,1,22
2916936390712637782,2018-01-23,2018,1,23
6415430532251743098,2018-01-24,2018,1,24
3986258766858688774,2018-01-25,2018,1,25
2706847527536516223,2018-01-26,2018,1,26
4260052670172635246,2018-01-27,2018,1,27
15049189758098699587,2018-01-28,2018,1,28
578551970228104351,2018-01-29,2018,1,29
1983525046328909667,2018-01-30,2018,1,30
17644206811275627816,2018-01-31,2018,1,31
13619511520234754411,2018-02-01,2018,2,1
14598836963288916775,2018-02-02,2018,2,2
3847255998415755958,2018-02-03,2018,2,3
7494274655720982114,2018-02-04,2018,2,4
15877839815000702729,2018-02-05,2018,2,5
17920950736222405919,2018-02-06,2018,2,6
4856725030533435305,2018-02-07,2018,2,7
1495288038284750825,2018-02-08,2018,2,8
14257965566912384352,2018-02-09,2018,2,9
2298680718503566106,2018-02-10,2018,2,10
623690881467482934,2018-02-11,2018,2,11
14909353853208170180,2018-02-12,2018,2,12
13894554416559875653,2018-02-13,2018,2,13
10590409827232176409,2018-02-14,2018,2,14
11996564246061800336,2018-02-15,2018,2,15
6849367018951438625,2018-02-16,2018,2,16
13074156850553881854,2018-02-17,2018,2,17
1403561661280545331,2018-02-18,2018,2,18
14123957105702325218,2018-02-19,2018,2,19
3292882134538845568,2018-02-20,2018,2,20
3046776766187156964,2018-02-21,2018,2,21
207071879909776181,2018-02-22,2018,2,22
14576173373403343349,2018-02-23,2018,2,23
18340682902882782973,2018-02-24,2018,2,24
436069213997496888,2018-02-25,2018,2,25
4141437059378044817,2018-02-26,2018,2,26
14141535096193603709,2018-02-27,2018,2,27
9082764449560662435,2018-02-28,2018,2,28
9095187813653762884,2018-03-01,2018,3,1
555859657153916609,2018-03-02,2018,3,2
12535309790725516038,2018-03-03,2018,3,3
2158993081576557189,2018-03-04,2018,3,4
18090378155595182241,2018-03-05,2018,3,5
3446443022476159717,2018-03-06,2018,3,6
13399478184941437830,2018-03-07,2018,3,7
5207961042256169033,2018-03-08,2018,3,8
12967821138653225487,2018-03-09,2018,3,9
902042642169384566,2018-03-10,2018,3,10
11774798406187128864,2018-03-11,2018,3,11
9724761378728844477,2018-03-12,2018,3,12
2835801552820692320,2018-03-13,2018,3,13
13973780041259632194,2018-03-14,2018,3,14
6168628120623747635,2018-03-15,2018,3,15
7857584679295930133,2018-03-16,2018,3,16
10278626083271167171,2018-03-17,2018,3,17
14919233795140087727,2018-03-18,2018,3,18
16136350425366725446,2018-03-19,2018,3,19
5302652438319338161,2018-03-20,2018,3,20
6917975180376511369,2018-03-21,2018,3,21
14899896797819450284,2018-03-22,2018,3,22
5709654594876868952,2018-03-23,2018,3,23
8483730393504572754,2018-03-24,2018,3,24
18324943589345943012,2018-03-25,2018,3,25
16755087422247103945,2018-03-26,2018,3,26
13815038773158339494,2018-03-27,2018,3,27
14483927113449922016,2018-03-28,2018,3,28
13768066357084866950,2018-03-29,2018,3,29
12489994824691378242,2018-03-30,2018,3,30
10721183808642048342,2018-03-31,2018,3,31
15698893159330649139,2018-04-01,2018,4,1
2563060354609484233,2018-04-02,2018,4,2
1610915031381157451,2018-04-03,2018,4,3
12702946081403089999,2018-04-04,2018,4,4
7026426477106204993,2018-04-05,2018,4,5
13847457947103501472,2018-04-06,2018,4,6
12041550967893404508,2018-04-07,2018,4,7
12209689642145823381,2018-04-08,2018,4,8
10163363772108691049,2018-04-09,2018,4,9
13434879390599809360,2018-04-10,2018,4,10
12565272358247087789,2018-04-11,2018,4,11
3237079069418776497,2018-04-12,2018,4,12
2175619647677853817,2018-04-13,2018,4,13
11470791319056107696,2018-04-14,2018,4,14
10382682172842590323,2018-04-15,2018,4,15
1116003756571306569,2018-04-16,2018,4,16
4934094720327089522,2018-04-17,2018,4,17
16912562866548574366,2018-04-18,2018,4,18
10260332998337593982,2018-04-19,2018,4,19
16531652701090146369,2018-04-20,2018,4,20
17084592878144311756,2018-04-21,2018,4,21
17993789932802692770,2018-04-22,2018,4,22
7923641566230305111,2018-04-23,2018,4,23
13708242636891349885,2018-04-24,2018,4,24
11211824465615973308,2018-04-25,2018,4,25
5275705663769015265,2018-04-26,2018,4,26
10806776323138231761,2018-04-27,2018,4,27
1671217224935654391,2018-04-28,2018,4,28
10713320938793354227,2018-04-29,2018,4,29
16888469530513282741,2018-04-30,2018,4,30
14475131984149296322,2018-05-01,2018,5,1
6053084295080464887,2018-05-02,2018,5,2
6067822810314886624,2018-05-03,2018,5,3
1970082708360212241,2018-05-04,2018,5,4
10535800495667007224,2018-05-05,2018,5,5
10689305332958308581,2018-05-06,2018,5,6
11103338915753066468,2018-05-07,2018,5,7
14551677125336953177,2018-05-08,2018,5,8
15181580979340936123,2018-05-09,2018,5,9
10266687886134293130,2018-05-10,2018,5,10
13926958688454439086,2018-05-11,2018,5,11
3541439183982788993,2018-05-12,2018,5,12
10164773564802097738,2018-05-13,2018,5,13
8245716552743022792,2018-05-14,2018,5,14
6500126073516574702,2018-05-15,2018,5,15
9456318293704160483,2018-05-16,2018,5,16
6348748634923423935,2018-05-17,2018,5,17
9143383787286558412,2018-05-18,2018,5,18
2302214126403874786,2018-05-19,2018,5,19
2698631143315009188,2018-05-20,2018,5,20
5486308101259248740,2018-05-21,2018,5,21
10058746552732645549,2018-05-22,2018,5,22
5467406521697248883,2018-05-23,2018,5,23
10496463570516832230,2018-05-24,2018,5,24
13501916501385126560,2018-05-25,2018,5,25
3309209844157654724,2018-05-26,2018,5,26
17093219896213494293,2018-05-27,2018,5,27
16793479752710289734,2018-05-28,2018,5,28
5985909506894810489,2018-05-29,2018,5,29
1929487463335659666,2018-05-30,2018,5,30
18283786646827100374,2018-05-31,2018,5,31
14256067426547443479,2018-06-01,2018,6,1
2671271244847302951,2018-06-02,2018,6,2
12171993547862260870,2018-06-03,2018,6,3
262491417372771354,2018-06-04,2018,6,4
12765975585850107506,2018-06-05,2018,6,5
9251056739236904911,2018-06-06,2018,6,6
2609841277743025887,2018-06-07,2018,6,7
7531521636887807020,2018-06-08,2018,6,8
3812365353750369880,2018-06-09,2018,6,9
9898464553800460104,2018-06-10,2018,6,10
9113049598894097430,2018-06-11,2018,6,11
1024169582426512657,2018-06-12,2018,6,12
6550008280582523386,2018-06-13,2018,6,13
17854248171323257184,2018-06-14,2018,6,14
6318340581717477131,2018-06-15,2018,6,15
14749472964555225579,2018-06-16,2018,6,16
17886889366264904885,2018-06-17,2018,6,17
1592489653376408337,2018-06-18,2018,6,18
1511809345044735447,2018-06-19,2018,6,19
8798498146119088788,2018-06-20,2018,6,20
15520643259864761797,2018-06-21,2018,6,21
9084760488982620690,2018-06-22,2018,6,22
17406577314615849020,2018-06-23,2018,6,23
15041548857682843580,2018-06-24,2018,6,24
5800853953564125970,2018-06-25,2018,6,25
17569326337651164834,2018-06-26,2018,6,26
12995384404746287500,2018-06-27,2018,6,27
4150790539120131702,2018-06-28,2018,6,28
11933982453154014566,2018-06-29,2018,6,29
2999667111880455525,2018-06-30,2018,6,30
17643982415967188752,2018-07-01,2018,7,1
6092270739987165927,2018-07-02,2018,7,2
16991702032198315250,2018-07-03,2018,7,3
14927616683281123215,2018-07-04,2018,7,4
9447212305383970196,2018-07-05,2018,7,5
6114788808072168143,2018-07-06,2018,7,6
7891469653914040759,2018-07-07,2018,7,7
7792406520049299242,2018-07-08,2018,7,8
4679782680505961784,2018-07-09,2018,7,9
1768460559855319805,2018-07-10,2018,7,10
5869407553330028976,2018-07-11,2018,7,11
1634859312450403004,2018-07-12,2018,7,12
8548969892717600904,2018-07-13,2018,7,13
1067526647440755133,2018-07-14,2018,7,14
9150405014002764915,2018-07-15,2018,7,15
11638211001136088714,2018-07-16,2018,7,16
14217922786345183565,2018-07-17,2018,7,17
9477188870845875256,2018-07-18,2018,7,18
6646201403249969043,2018-07-19,2018,7,19
12846302687939797188,2018-07-20,2018,7,20
15212296278526171124,2018-07-21,2018,7,21
7757018124073533554,2018-07-22,2018,7,22
14501344219949209145,2018-07-23,2018,7,23
8232429682390034819,2018-07-24,2018,7,24
17533302256884732716,2018-07-25,2018,7,25
7636610171867332291,2018-07-26,2018,7,26
5015811376082969308,2018-07-27,2018,7,27
3584100172876120659,2018-07-28,2018,7,28
14750092197268885527,2018-07-29,2018,7,29
14288137816691477770,2018-07-30,2018,7,30
9201361717179837362,2018-07-31,2018,7,31
12129363768254385263,2018-08-01,2018,8,1
10776008726164638295,2018-08-02,2018,8,2
2276566963893251025,2018-08-03,2018,8,3
14052706948722807780,2018-08-04,2018,8,4
2839977742505600870,2018-08-05,2018,8,5
13399300130532491529,2018-08-06,2018,8,6
4057614376302784218,2018-08-07,2018,8,7
5275755530212957261,2018-08-08,2018,8,8
2753430878375492396,2018-08-09,2018,8,9
1791266088768975440,2018-08-10,2018,8,10
1437430278861266496,2018-08-11,2018,8,11
8330681140515309707,2018-08-12,2018,8,12
7756826362507481622,2018-08-13,2018,8,13
7734932443511650115,2018-08-14,2018,8,14
3792022505788963192,2018-08-15,2018,8,15
11482377111082984472,2018-08-16,2018,8,16
12280719754797480061,2018-08-17,2018,8,17
15960410442066502039,2018-08-18,2018,8,18
12817534209496104609,2018-08-19,2018,8,19
18066007877189207565,2018-08-20,2018,8,20
14804139653487522422,2018-08-21,2018,8,21
18434205900867521242,2018-08-22,2018,8,22
9391621207146585501,2018-08-23,2018,8,23
1017243827449767482,2018-08-24,2018,8,24
77153157559730828,2018-08-25,2018,8,25
10210182923187429851,2018-08-26,2018,8,26
4440230456513759043,2018-08-27,2018,8,27
16939603816293512635,2018-08-28,2018,8,28
13119067956927128042,2018-08-29,2018,8,29
5795925895208748483,2018-08-30,2018,8,30
10909644165409002181,2018-08-31,2018,8,31
8466775744741229805,2018-09-01,2018,9,1
6706062962367680137,2018-09-02,2018,9,2
1747075031197315056,2018-09-03,2018,9,3
4006149219319229559,2018-09-04,2018,9,4
1518560872058611049,2018-09-05,2018,9,5
2562397849936990112,2018-09-06,2018,9,6
1150807198097250895,2018-09-07,2018,9,7
12491272413736987069,2018-09-08,2018,9,8
7962340347921420022,2018-09-09,2018,9,9
584896934204534368,2018-09-10,2018,9,10
10595983326849535899,2018-09-11,2018,9,11
861114787549523281,2018-09-12,2018,9,12
11986776902041746591,2018-09-13,2018,9,13
1000238835820907200,2018-09-14,2018,9,14
5055009252387131223,2018-09-15,2018,9,15
7075436902123941140,2018-09-16,2018,9,16
2170238801563905795,2018-09-17,2018,9,17
18071898621771791674,2018-09-18,2018,9,18
16945300632803181652,2018-09-19,2018,9,19
5598611999212616922,2018-09-20,2018,9,20
15145357693021124970,2018-09-21,2018,9,21
17872304869312061394,2018-09-22,2018,9,22
12798351490903416716,2018-09-23,2018,9,23
3676901931876108318,2018-09-24,2018,9,24
15247592086660223085,2018-09-25,2018,9,25
5916444813407764202,2018-09-26,2018,9,26
9903414431361229211,2018-09-27,2018,9,27
4243633856343248096,2018-09-28,2018,9,28
1080671163008217823,2018-09-29,2018,9,29
5621253611785843854,2018-09-30,2018,9,30
10893038998497086280,2018-10-01,2018,10,1
5771636625611368933,2018-10-02,2018,10,2
13342882290724907844,2018-10-03,2018,10,3
2214174279444446028,2018-10-04,2018,10,4
12360568001894453766,2018-10-05,2018,10,5
16533157319466173607,2018-10-06,2018,10,6
5528038198159233925,2018-10-07,2018,10,7
11632818419718015624,2018-10-08,2018,10,8
14270533203715087969,2018-10-09,2018,10,9
15198699893035429518,2018-10-10,2018,10,10
3982161022971175820,2018-10-11,2018,10,11
12601573935492936956,2018-10-12,2018,10,12
15825274406259730919,2018-10-13,2018,10,13
5905192168336078872,2018-10-14,2018,10,14
17152264133951791419,2018-10-15,2018,10,15
7375517249734909560,2018-10-16,2018,10,16
4194351456129256458,2018-10-17,2018,10,17
12989848706451427188,2018-10-18,2018,10,18
18298758170291082021,2018-10-19,2018,10,19
9828089280658341671,2018-10-20,2018,10,20
10537207984069655471,2018-10-21,2018,10,21
14800157572798309720,2018-10-22,2018,10,22
15609661441842253673,2018-10-23,2018,10,23
3670663458455912523,2018-10-24,2018,10,24
13393377577575521815,2018-10-25,2018,10,25
17676967066841101328,2018-10-26,2018,10,26
8070370114861499144,2018-10-27,2018,10,27
18251667789168461288,2018-10-28,2018,10,28
1455076409501767989,2018-10-29,2018,10,29
7677616587751037420,2018-10-30,2018,10,30
17065249734161934484,2018-10-31,2018,10,31
8226171911294636428,2018-11-01,2018,11,1
15898665780375181447,2018-11-02,2018,11,2
7989202675235873222,2018-11-03,2018,11,3
7731441856831593825,2018-11-04,2018,11,4
4488909837956824229,2018-11-05,2018,11,5
13150033352458403338,2018-11-06,2018,11,6
14007681672585757558,2018-11-07,2018,11,7
3796495150150737054,2018-11-08,2018,11,8
15875267826871309088,2018-11-09,2018,11,9
1903769423532116847,2018-11-10,2018,11,10
8224862195767531120,2018-11-11,2018,11,11
1416975341452990419,2018-11-12,2018,11,12
1844850957864340848,2018-11-13,2018,11,13
7380102477474815500,2018-11-14,2018,11,14
18390837143012893455,2018-11-15,2018,11,15
16893189867030159915,2018-11-16,2018,11,16
2000655933003705023,2018-11-17,2018,11,17
17499828681909176266,2018-11-18,2018,11,18
6173506478393784850,2018-11-19,2018,11,19
10728533354347711399,2018-11-20,2018,11,20
14615788161269409848,2018-11-21,2018,11,21
14997444593913344953,2018-11-22,2018,11,22
358044969732196390,2018-11-23,2018,11,23
3872595144188420653,2018-11-24,2018,11,24
4002526618536469438,2018-11-25,2018,11,25
2883632876161063392,2018-11-26,2018,11,26
17462135901588799524,2018-11-27,2018,11,27
6831080807282215762,2018-11-28,2018,11,28
14014411809490872199,2018-11-29,2018,11,29
7676024037330416001,2018-11-30,2018,11,30
189892068358333866,2018-12-01,2018,12,1
18199726269448795942,2018-12-02,2018,12,2
17175103330545653862,2018-12-03,2018,12,3
10371553888907551726,2018-12-04,2018,12,4
3017103580636168298,2018-12-05,2018,12,5
8198430414963964255,2018-12-06,2018,12,6
3623368009023273783,2018-12-07,2018,12,7
5595607308923882788,2018-12-08,2018,12,8
3122220140906259350,2018-12-09,2018,12,9
498818240159918064,2018-12-10,2018,12,10
9368685089302174311,2018-12-11,2018,12,11
13400003378185703294,2018-12-12,2018,12,12
11733403071910936568,2018-12-13,2018,12,13
14255808020360963871,2018-12-14,2018,12,14
17329911207755147018,2018-12-15,2018,12,15
18286836310094443626,2018-12-16,2018,12,16
12976985988601348338,2018-12-17,2018,12,17
12455401190246625485,2018-12-18,2018,12,18
13951713294233785589,2018-12-19,2018,12,19
18363665626507244211,2018-12-20,2018,12,20
2413881451536304561,2018-12-21,2018,12,21
228830198369686312,2018-12-22,2018,12,22
2530337785541789227,2018-12-23,2018,12,23
5309740742122224095,2018-12-24,2018,12,24
5723360768855824191,2018-12-25,2018,12,25
29148265767647216,2018-12-26,2018,12,26
16577824207648960058,2018-12-27,2018,12,27
16426968206723667945,2018-12-28,2018,12,28
15283540041178271522,2018-12-29,2018,12,29
8226732851770530441,2018-12-30,2018,12,30
11045752365864717210,2018-12-31,2018,12,31
15492678296640134436,2019-01-01,2019,1,1
3884896150212570867,2019-01-02,2019,1,2
17710857041704876948,2019-01-03,2019,1,3
3740884536784036879,2019-01-04,2019,1,4
10553866754741865358,2019-01-05,2019,1,5
9028766466312343408,2019-01-06,2019,1,6
12508474845348240443,2019-01-07,2019,1,7
3503375758019712712,2019-01-08,2019,1,8
14060386823386389740,2019-01-09,2019,1,9
10785749031449731746,2019-01-10,2019,1,10
13066926154626464382,2019-01-11,2019,1,11
4124520910381137288,2019-01-12,2019,1,12
5417788101442080073,2019-01-13,2019,1,13
828357704573660686,2019-01-14,2019,1,14
7918890866418764090,2019-01-15,2019,1,15
2304590388915625592,2019-01-16,2019,1,16
5595112390727967010,2019-01-17,2019,1,17
4248505714613623665,2019-01-18,2019,1,18
7031261110361832846,2019-01-19,2019,1,19
1894210287576149982,2019-01-20,2019,1,20
15321130159172324887,2019-01-21,2019,1,21
4846506722355993987,2019-01-22,2019,1,22
7286566370236303993,2019-01-23,2019,1,23
968124690781331122,2019-01-24,2019,1,24
7246971560182304833,2019-01-25,2019,1,25
825116897948317631,2019-01-26,2019,1,26
12529018681747999394,2019-01-27,2019,1,27
1530784376481585947,2019-01-28,2019,1,28
9980163650573797550,2019-01-29,2019,1,29
14503786648522275670,2019-01-30,2019,1,30
13347261579916284528,2019-01-31,2019,1,31
7488702471177196726,2019-02-01,2019,2,1
10537515152676212711,2019-02-02,2019,2,2
3201858456050081913,2019-02-03,2019,2,3
12802827179098679221,2019-02-04,2019,2,4
14340916780999145572,2019-02-05,2019,2,5
1406688253269943129,2019-02-06,2019,2,6
15087724786706412370,2019-02-07,2019,2,7
2389602447736080132,2019-02-08,2019,2,8
10739026782123052155,2019-02-09,2019,2,9
2773612286706138323,2019-02-10,2019,2,10
8176183395019313391,2019-02-11,2019,2,11
11850965666321041977,2019-02-12,2019,2,12
13226239733990276128,2019-02-13,2019,2,13
2534662005831432860,2019-02-14,2019,2,14
12296692001629126626,2019-02-15,2019,2,15
16339029016420919573,2019-02-16,2019,2,16
598508144346342220,2019-02-17,2019,2,17
834835566570465923,2019-02-18,2019,2,18
2789380838399453688,2019-02-19,2019,2,19
9101573907803742783,2019-02-20,2019,2,20
15131412949482750909,2019-02-21,2019,2,21
12793820523204158008,2019-02-22,2019,2,22
1696763064414105013,2019-02-23,2019,2,23
420389271267529971,2019-02-24,2019,2,24
12588518692112435810,2019-02-25,2019,2,25
5804707667598214400,2019-02-26,2019,2,26
12213731763785880861,2019-02-27,2019,2,27
2711829134655367467,2019-02-28,2019,2,28
4782593837120065452,2019-03-01,2019,3,1
9188556550125632535,2019-03-02,2019,3,2
11632364823718481901,2019-03-03,2019,3,3
11914000973110797049,2019-03-04,2019,3,4
12854603518815638363,2019-03-05,2019,3,5
441337410654402722,2019-03-06,2019,3,6
15255881375932965309,2019-03-07,2019,3,7
6117029027010326660,2019-03-08,2019,3,8
8966088422560097516,2019-03-09,2019,3,9
504842422544361925,2019-03-10,2019,3,10
14084505301173289406,2019-03-11,2019,3,11
17659786222199048723,2019-03-12,2019,3,12
3107864996521325303,2019-03-13,2019,3,13
11059459291502305077,2019-03-14,2019,3,14
4197947764105627445,2019-03-15,2019,3,15
14946625471098372260,2019-03-16,2019,3,16
1291786427226757000,2019-03-17,2019,3,17
2166838451575127124,2019-03-18,2019,3,18
11607090328463725682,2019-03-19,2019,3,19
12930864042661557582,2019-03-20,2019,3,20
476436054275927450,2019-03-21,2019,3,21
251585514359224503,2019-03-22,2019,3,22
5169927748285546173,2019-03-23,2019,3,23
7770817372193738135,2019-03-24,2019,3,24
13679206930871725784,2019-03-25,2019,3,25
13218157563048036318,2019-03-26,2019,3,26
10189963497554248317,2019-03-27,2019,3,27
7793518136013818661,2019-03-28,2019,3,28
6294976069870506367,2019-03-29,2019,3,29
11321813808947098481,2019-03-30,2019,3,30
14163749286961630767,2019-03-31,2019,3,31
7550008237939654021,2019-04-01,2019,4,1
5153233107388507407,2019-04-02,2019,4,2
3401459045340482521,2019-04-03,2019,4,3
2314387048881011001,2019-04-04,2019,4,4
10273644042662356483,2019-04-05,2019,4,5
14648004055710620876,2019-04-06,2019,4,6
5520212857922271239,2019-04-07,2019,4,7
14170326631958615284,2019-04-08,2019,4,8
13577763226509126784,2019-04-09,2019,4,9
6027505794810968024,2019-04-10,2019,4,10
9534905529771773282,2019-04-11,2019,4,11
10741625271671934275,2019-04-12,2019,4,12
17884704463109103906,2019-04-13,2019,4,13
2386871479811311173,2019-04-14,2019,4,14
8132317533813787071,2019-04-15,2019,4,15
10945006040965685686,2019-04-16,2019,4,16
16352822704009802904,2019-04-17,2019,4,17
5174439422176753230,2019-04-18,2019,4,18
7508002650361798325,2019-04-19,2019,4,19
7772437409434781067,2019-04-20,2019,4,20
8611159978281296126,2019-04-21,2019,4,21
11292678859409864542,2019-04-22,2019,4,22
252971254349027051,2019-04-23,2019,4,23
11296994304553989491,2019-04-24,2019,4,24
9292529903303375925,2019-04-25,2019,4,25
12880216108513064161,2019-04-26,2019,4,26
14028797139199140593,2019-04-27,2019,4,27
4415199660291222981,2019-04-28,2019,4,28
5319026457256619160,2019-04-29,2019,4,29
2339502511689201051,2019-04-30,2019,4,30
1837305173208093794,2019-05-01,2019,5,1
13821622293668122785,2019-05-02,2019,5,2
369794438386491095,2019-05-03,2019,5,3
2646541355237182388,2019-05-04,2019,5,4
2099913405227829179,2019-05-05,2019,5,5
14535934834123967451,2019-05-06,2019,5,6
4840432796839680776,2019-05-07,2019,5,7
10310251509590283770,2019-05-08,2019,5,8
16951189837655245287,2019-05-09,2019,5,9
10842537865766295102,2019-05-10,2019,5,10
10765373871699286205,2019-05-11,2019,5,11
3827399939868070990,2019-05-12,2019,5,12
11501375446474844747,2019-05-13,2019,5,13
8661898959699864677,2019-05-14,2019,5,14
1120267093468820457,2019-05-15,2019,5,15
3598367190245141074,2019-05-16,2019,5,16
2538935058622049614,2019-05-17,2019,5,17
8413044749805082138,2019-05-18,2019,5,18
8486054983859865401,2019-05-19,2019,5,19
15157400984965446534,2019-05-20,2019,5,20
4052962767901512333,2019-05-21,2019,5,21
4934190086958790505,2019-05-22,2019,5,22
15706203984852630146,2019-05-23,2019,5,23
12789580682740217483,2019-05-24,2019,5,24
16496570127741194217,2019-05-25,2019,5,25
5510794660626647823,2019-05-26,2019,5,26
15705138784461116359,2019-05-27,2019,5,27
6275246316754679234,2019-05-28,2019,5,28
13849998331809977688,2019-05-29,2019,5,29
7177703315812283850,2019-05-30,2019,5,30
9391766852057574548,2019-05-31,2019,5,31
10603004435039356824,2019-06-01,2019,6,1
13633792943807957130,2019-06-02,2019,6,2
12069174563980250620,2019-06-03,2019,6,3
12655344464410658102,2019-06-04,2019,6,4
7020453149101293448,2019-06-05,2019,6,5
1467392026934443271,2019-06-06,2019,6,6
15024286815804586467,2019-06-07,2019,6,7
9842470690335339903,2019-06-08,2019,6,8
11705790980435586339,2019-06-09,2019,6,9
5835704377169921511,2019-06-10,2019,6,10
5567064603626866617,2019-06-11,2019,6,11
15302675147949436498,2019-06-12,2019,6,12
13135397499283330005,2019-06-13,2019,6,13
7841009584502446234,2019-06-14,2019,6,14
4419186941365641683,2019-06-15,2019,6,15
10314741867835738478,2019-06-16,2019,6,16
18173528305269738563,2019-06-17,2019,6,17
17403277168299459516,2019-06-18,2019,6,18
7142687414083941661,2019-06-19,2019,6,19
15864844256729171028,2019-06-20,2019,6,20
15780042504112608177,2019-06-21,2019,6,21
10528537073471961798,2019-06-22,2019,6,22
460881547779739032,2019-06-23,2019,6,23
4679533929379648952,2019-06-24,2019,6,24
7483134009735208026,2019-06-25,2019,6,25
31668467206891079,2019-06-26,2019,6,26
10325607983016299320,2019-06-27,2019,6,27
2377523248413072163,2019-06-28,2019,6,28
18384708920015078969,2019-06-29,2019,6,29
4990917962417967681,2019-06-30,2019,6,30
6671975571103431276,2019-07-01,2019,7,1
16784443130524522799,2019-07-02,2019,7,2
13426235587999716145,2019-07-03,2019,7,3
8137865821292234168,2019-07-04,2019,7,4
17910399113936871363,2019-07-05,2019,7,5
4082646974702044341,2019-07-06,2019,7,6
15210971632851557975,2019-07-07,2019,7,7
6009716407188213264,2019-07-08,2019,7,8
4817535762465652880,2019-07-09,2019,7,9
4966269152450574551,2019-07-10,2019,7,10
11547604792040407167,2019-07-11,2019,7,11
10307685357708774191,2019-07-12,2019,7,12
11969301424709279738,2019-07-13,2019,7,13
6251056291402055071,2019-07-14,2019,7,14
13753505370998800745,2019-07-15,2019,7,15
17548410845384931235,2019-07-16,2019,7,16
14783715076700907568,2019-07-17,2019,7,17
1980897171212537657,2019-07-18,2019,7,18
10643675353006984522,2019-07-19,2019,7,19
7786073929346469888,2019-07-20,2019,7,20
14115203084967100410,2019-07-21,2019,7,21
12058271583073935768,2019-07-22,2019,7,22
9761035354156645433,2019-07-23,2019,7,23
17941410043990110353,2019-07-24,2019,7,24
14193925057482226740,2019-07-25,2019,7,25
1721844002725348698,2019-07-26,2019,7,26
11986775906549515886,2019-07-27,2019,7,27
251331441961855101,2019-07-28,2019,7,28
8758828452612021983,2019-07-29,2019,7,29
15279624701654426536,2019-07-30,2019,7,30
11814701140637289505,2019-07-31,2019,7,31
2735488324925296992,2019-08-01,2019,8,1
1745617048588024561,2019-08-02,2019,8,2
15684669760479545904,2019-08-03,2019,8,3
16052600248500419315,2019-08-04,2019,8,4
10369790434717584563,2019-08-05,2019,8,5
7986405063422396274,2019-08-06,2019,8,6
18355885401632438788,2019-08-07,2019,8,7
5117137659494833953,2019-08-08,2019,8,8
5904718555221566984,2019-08-09,2019,8,9
8838838333415094779,2019-08-10,2019,8,10
5493948380706810361,2019-08-11,2019,8,11
1205978116646448508,2019-08-12,2019,8,12
9300206961527486831,2019-08-13,2019,8,13
14305809151819762473,2019-08-14,2019,8,14
3599645613303558194,2019-08-15,2019,8,15
7465197615228596426,2019-08-16,2019,8,16
16856496384069346192,2019-08-17,2019,8,17
17204884718586594108,2019-08-18,2019,8,18
15102410609978719998,2019-08-19,2019,8,19
1741274193846257854,2019-08-20,2019,8,20
4961296828688544470,2019-08-21,2019,8,21
13685446670358195308,2019-08-22,2019,8,22
718845507684565104,2019-08-23,2019,8,23
10417373566759523497,2019-08-24,2019,8,24
3373242038228314919,2019-08-25,2019,8,25
2867633727393815431,2019-08-26,2019,8,26
17986472189569673730,2019-08-27,2019,8,27
10311095007107602831,2019-08-28,2019,8,28
12491374833220124514,2019-08-29,2019,8,29
14078368349640292046,2019-08-30,2019,8,30
11303810783765792170,2019-08-31,2019,8,31
13435405298508116174,2019-09-01,2019,9,1
6395543280462298227,2019-09-02,2019,9,2
13779842079552976121,2019-09-03,2019,9,3
17075311591854945456,2019-09-04,2019,9,4
3721001431383474806,2019-09-05,2019,9,5
14387982770276466432,2019-09-06,2019,9,6
17341296700262551215,2019-09-07,2019,9,7
9090977271764723336,2019-09-08,2019,9,8
8820846153431996672,2019-09-09,2019,9,9
10202213943348683324,2019-09-10,2019,9,10
16237883446954161576,2019-09-11,2019,9,11
165066896839286108,2019-09-12,2019,9,12
3624837439811883710,2019-09-13,2019,9,13
7649797265904421169,2019-09-14,2019,9,14
8434100498748140564,2019-09-15,2019,9,15
1659299516191862862,2019-09-16,2019,9,16
6691303596962854148,2019-09-17,2019,9,17
12382812757800278688,2019-09-18,2019,9,18
6833109845942152247,2019-09-19,2019,9,19
482514050239534224,2019-09-20,2019,9,20
631899696161829040,2019-09-21,2019,9,21
13833785900865098765,2019-09-22,2019,9,22
9443786529516605232,2019-09-23,2019,9,23
964541203553455894,2019-09-24,2019,9,24
11532511111733221120,2019-09-25,2019,9,25
9026213162381739111,2019-09-26,2019,9,26
1657549783151416128,2019-09-27,2019,9,27
17960888294513812525,2019-09-28,2019,9,28
13646211247620855336,2019-09-29,2019,9,29
1204817706507667387,2019-09-30,2019,9,30
185672923090732540,2019-10-01,2019,10,1
9964920604080920630,2019-10-02,2019,10,2
18294335853503207709,2019-10-03,2019,10,3
16279376790021338861,2019-10-04,2019,10,4
11219422308747863728,2019-10-05,2019,10,5
4079142974537109234,2019-10-06,2019,10,6
1370840436912214918,2019-10-07,2019,10,7
17009117387149711693,2019-10-08,2019,10,8
8180248370773502931,2019-10-09,2019,10,9
9554061507747202215,2019-10-10,2019,10,10
4035951357339541991,2019-10-11,2019,10,11
2324017567459684771,2019-10-12,2019,10,12
12000263663887015950,2019-10-13,2019,10,13
15234554532979356926,2019-10-14,2019,10,14
3158226037356507532,2019-10-15,2019,10,15
2571342307168047065,2019-10-16,2019,10,16
12137422626251717331,2019-10-17,2019,10,17
13799090771709474690,2019-10-18,2019,10,18
3781182561557600102,2019-10-19,2019,10,19
2560374766831388224,2019-10-20,2019,10,20
9304498614565187782,2019-10-21,2019,10,21
16751500856485217926,2019-10-22,2019,10,22
6819258819005392084,2019-10-23,2019,10,23
12110874509690741173,2019-10-24,2019,10,24
345403302821210611,2019-10-25,2019,10,25
1666969328189771594,2019-10-26,2019,10,26
11587014935937350629,2019-10-27,2019,10,27
14577236390588766646,2019-10-28,2019,10,28
18383601568192791666,2019-10-29,2019,10,29
10354962677363379415,2019-10-30,2019,10,30
4666511200042481649,2019-10-31,2019,10,31
11028811376520196009,2019-11-01,2019,11,1
4278823976617352552,2019-11-02,2019,11,2
9520736760023562828,2019-11-03,2019,11,3
13742509993939759392,2019-11-04,2019,11,4
11245834225965476324,2019-11-05,2019,11,5
8205493112074762642,2019-11-06,2019,11,6
5164569191224339999,2019-11-07,2019,11,7
17785410517878883145,2019-11-08,2019,11,8
733937903493673317,2019-11-09,2019,11,9
10710631340402336160,2019-11-10,2019,11,10
3219392871692695,2019-11-11,2019,11,11
872078188878511295,2019-11-12,2019,11,12
7914678535724304736,2019-11-13,2019,11,13
13192350108553191654,2019-11-14,2019,11,14
14334477082008719604,2019-11-15,2019,11,15
10709337239560048916,2019-11-16,2019,11,16
4317967834979939719,2019-11-17,2019,11,17
11314016720658852041,2019-11-18,2019,11,18
2237978765429775030,2019-11-19,2019,11,19
4233902455653583696,2019-11-20,2019,11,20
2574581193003460212,2019-11-21,2019,11,21
4755759379631147127,2019-11-22,2019,11,22
1819184090961071962,2019-11-23,2019,11,23
8260102671246205539,2019-11-24,2019,11,24
446369032307132961,2019-11-25,2019,11,25
10167255925776675537,2019-11-26,2019,11,26
10661738647815214858,2019-11-27,2019,11,27
14447918347282025968,2019-11-28,2019,11,28
12908793031005102079,2019-11-29,2019,11,29
13913665091112701365,2019-11-30,2019,11,30
2128642487911933944,2019-12-01,2019,12,1
11098251832085149761,2019-12-02,2019,12,2
11496296193266140273,2019-12-03,2019,12,3
17727887542875148187,2019-12-04,2019,12,4
7723239100585954954,2019-12-05,2019,12,5
11353748709301212426,2019-12-06,2019,12,6
1985416460867547329,2019-12-07,2019,12,7
9078908552314233460,2019-12-08,2019,12,8
1218194583870725256,2019-12-09,2019,12,9
2420393951925434732,2019-12-10,2019,12,10
8597679612065487518,2019-12-11,2019,12,11
13087918823668223225,2019-12-12,2019,12,12
10712677303332439334,2019-12-13,2019,12,13
9533372209543325410,2019-12-14,2019,12,14
16267672730565562376,2019-12-15,2019,12,15
3886818549358309257,2019-12-16,2019,12,16
6847907674947101436,2019-12-17,2019,12,17
18445356752516807847,2019-12-18,2019,12,18
2239957123348504142,2019-12-19,2019,12,19
12402533920003990169,2019-12-20,2019,12,20
5461157321624922344,2019-12-21,2019,12,21
230794091229129697,2019-12-22,2019,12,22
4684074721698254913,2019-12-23,2019,12,23
15931097353258511530,2019-12-24,2019,12,24
12389400650751122265,2019-12-25,2019,12,25
13240994871832611517,2019-12-26,2019,12,26
4133737315016979492,2019-12-27,2019,12,27
14887364327762948432,2019-12-28,2019,12,28
2501984036959388951,2019-12-29,2019,12,29
11571633082808254444,2019-12-30,2019,12,30
12102990852000896730,2019-12-31,2019,12,31
16227434352514505292,2020-01-01,2020,1,1
3870855358146171157,2020-01-02,2020,1,2
16515195764854449521,2020-01-03,2020,1,3
12655845799389611860,2020-01-04,2020,1,4
2972567868969028214,2020-01-05,2020,1,5
10141938887233425396,2020-01-06,2020,1,6
16212749615423844011,2020-01-07,2020,1,7
10288692385066920636,2020-01-08,2020,1,8
8556869200997803473,2020-01-09,2020,1,9
16697558446297746615,2020-01-10,2020,1,10
10720683313570673312,2020-01-11,2020,1,11
11074026096257038706,2020-01-12,2020,1,12
3697826667126206682,2020-01-13,2020,1,13
15325444014511766715,2020-01-14,2020,1,14
379722161381255339,2020-01-15,2020,1,15
9851451770558833616,2020-01-16,2020,1,16
9245737385969251644,2020-01-17,2020,1,17
4940450867843306131,2020-01-18,2020,1,18
8704546038361087560,2020-01-19,2020,1,19
15706964543841391291,2020-01-20,2020,1,20
4187214994309009985,2020-01-21,2020,1,21
18181144671237826835,2020-01-22,2020,1,22
17556975110637991860,2020-01-23,2020,1,23
13810978843689257683,2020-01-24,2020,1,24
16191197936809725801,2020-01-25,2020,1,25
2147270504055440266,2020-01-26,2020,1,26
495435401177608013,2020-01-27,2020,1,27
9382510623691220679,2020-01-28,2020,1,28
688432137454805612,2020-01-29,2020,1,29
8922215260955534750,2020-01-30,2020,1,30
15038249471852014502,2020-01-31,2020,1,31
16837144881265230187,2020-02-01,2020,2,1
4683665248972847772,2020-02-02,2020,2,2
3766083275339777902,2020-02-03,2020,2,3
4672376406291324852,2020-02-04,2020,2,4
3519649282485983086,2020-02-05,2020,2,5
8345117997470742564,2020-02-06,2020,2,6
13184931944274360778,2020-02-07,2020,2,7
2215245088435893221,2020-02-08,2020,2,8
15289436976945038584,2020-02-09,2020,2,9
10636120570921487014,2020-02-10,2020,2,10
15404286432350401074,2020-02-11,2020,2,11
13660584354781836468,2020-02-12,2020,2,12
5176589368283227328,2020-02-13,2020,2,13
14088746059836928142,2020-02-14,2020,2,14
12584238899097688871,2020-02-15,2020,2,15
2892164437260264140,2020-02-16,2020,2,16
5144548617792168013,2020-02-17,2020,2,17
3299367384002678348,2020-02-18,2020,2,18
17947618062312894021,2020-02-19,2020,2,19
13873478648789245868,2020-02-20,2020,2,20
3682028854700940665,2020-02-21,2020,2,21
2884881105819312985,2020-02-22,2020,2,22
3926887140343309629,2020-02-23,2020,2,23
383506428393304218,2020-02-24,2020,2,24
893002685367276405,2020-02-25,2020,2,25
10194310298254701429,2020-02-26,2020,2,26
4670516709298815353,2020-02-27,2020,2,27
15911845030358775126,2020-02-28,2020,2,28
1189883488888957116,2020-02-29,2020,2,29
7167486559004834024,2020-03-01,2020,3,1
17733484042123951697,2020-03-02,2020,3,2
3448567834850372623,2020-03-03,2020,3,3
14630515179474697509,2020-03-04,2020,3,4
12677468003715598002,2020-03-05,2020,3,5
3357974155164859152,2020-03-06,2020,3,6
10487234183094142079,2020-03-07,2020,3,7
6924085653363977834,2020-03-08,2020,3,8
15211658561679392668,2020-03-09,2020,3,9
3793400463670640964,2020-03-10,2020,3,10
9159985451229559124,2020-03-11,2020,3,11
11034505717463274963,2020-03-12,2020,3,12
15184275843462310238,2020-03-13,2020,3,13
1046283273724487173,2020-03-14,2020,3,14
7796186566434099852,2020-03-15,2020,3,15
5248848079196545284,2020-03-16,2020,3,16
1792980274670172425,2020-03-17,2020,3,17
974542351615302951,2020-03-18,2020,3,18
15528016297958329809,2020-03-19,2020,3,19
9366330618368096231,2020-03-20,2020,3,20
8306284454789263351,2020-03-21,2020,3,21
3954781943726908118,2020-03-22,2020,3,22
16257393565664699036,2020-03-23,2020,3,23
13717074757297191496,2020-03-24,2020,3,24
15431776256588301057,2020-03-25,2020,3,25
18196159743721556609,2020-03-26,2020,3,26
4356940274063031233,2020-03-27,2020,3,27
11131426755280720867,2020-03-28,2020,3,28
17518993010289692709,2020-03-29,2020,3,29
8679944427042177050,2020-03-30,2020,3,30
1589129556860909313,2020-03-31,2020,3,31
3072617887281910811,2020-04-01,2020,4,1
10650948983324438192,2020-04-02,2020,4,2
12741057671894124573,2020-04-03,2020,4,3
7768351627377203540,2020-04-04,2020,4,4
9978867563562259836,2020-04-05,2020,4,5
15915336745535021372,2020-04-06,2020,4,6
12886073006560669283,2020-04-07,2020,4,7
14705500562769261477,2020-04-08,2020,4,8
13468544031467243927,2020-04-09,2020,4,9
13236962377746554819,2020-04-10,2020,4,10
17537788661247202542,2020-04-11,2020,4,11
11977258643426747596,2020-04-12,2020,4,12
8470749684792411120,2020-04-13,2020,4,13
12436153271459630144,2020-04-14,2020,4,14
17522193863590757976,2020-04-15,2020,4,15
4288454568563860053,2020-04-16,2020,4,16
2096387220026887084,2020-04-17,2020,4,17
14344331635001055675,2020-04-18,2020,4,18
17016902059552300294,2020-04-19,2020,4,19
10758038381193708099,2020-04-20,2020,4,20
695016766983025556,2020-04-21,2020,4,21
16423810620994520637,2020-04-22,2020,4,22
736797211744257385,2020-04-23,2020,4,23
7188137402966624736,2020-04-24,2020,4,24
10545032850469907839,2020-04-25,2020,4,25
13489972535893182323,2020-04-26,2020,4,26
16691348564515831335,2020-04-27,2020,4,27
6112428467864795626,2020-04-28,2020,4,28
3936725996967843134,2020-04-29,2020,4,29
10082299600460665750,2020-04-30,2020,4,30
1291016249675840150,2020-05-01,2020,5,1
8452676181636160357,2020-05-02,2020,5,2
16172504696883723373,2020-05-03,2020,5,3
828316359600847161,2020-05-04,2020,5,4
16373220996271792143,2020-05-05,2020,5,5
5735397198488200291,2020-05-06,2020,5,6
14757522118813949638,2020-05-07,2020,5,7
2168633579818499068,2020-05-08,2020,5,8
8828052394389572356,2020-05-09,2020,5,9
6390341022028721748,2020-05-10,2020,5,10
16487993733774281567,2020-05-11,2020,5,11
4312472023335573279,2020-05-12,2020,5,12
14417136109712071126,2020-05-13,2020,5,13
10715917768008530185,2020-05-14,2020,5,14
9774531080612076807,2020-05-15,2020,5,15
5942667611784352655,2020-05-16,2020,5,16
6742770627873451580,2020-05-17,2020,5,17
983418668134635957,2020-05-18,2020,5,18
2308915007037832832,2020-05-19,2020,5,19
15310455707037225167,2020-05-20,2020,5,20
861643052246116391,2020-05-21,2020,5,21
17932324433605707137,2020-05-22,2020,5,22
5604646137377306834,2020-05-23,2020,5,23
17163109771605448949,2020-05-24,2020,5,24
17236018322308864876,2020-05-25,2020,5,25
5522842372292342786,2020-05-26,2020,5,26
14234441717372740466,2020-05-27,2020,5,27
16105080877845211326,2020-05-28,2020,5,28
2918017029176826870,2020-05-29,2020,5,29
12835372061767432584,2020-05-30,2020,5,30
3778880405296849732,2020-05-31,2020,5,31
354611668963613205,2020-06-01,2020,6,1
14930454476191211146,2020-06-02,2020,6,2
18004469741059331053,2020-06-03,2020,6,3
996858594068068398,2020-06-04,2020,6,4
17459435920018816259,2020-06-05,2020,6,5
17058677580282205721,2020-06-06,2020,6,6
14235502181313496090,2020-06-07,2020,6,7
17394376587677100718,2020-06-08,2020,6,8
7878297815008390911,2020-06-09,2020,6,9
15766369401121355904,2020-06-10,2020,6,10
1033474540691683742,2020-06-11,2020,6,11
9973084455994721189,2020-06-12,2020,6,12
508658954261658022,2020-06-13,2020,6,13
2627335559581896700,2020-06-14,2020,6,14
2529132412603294360,2020-06-15,2020,6,15
6718800294958895925,2020-06-16,2020,6,16
1525884902880140459,2020-06-17,2020,6,17
4154106721623331554,2020-06-18,2020,6,18
2119958650818833309,2020-06-19,2020,6,19
10745368382624774452,2020-06-20,2020,6,20
4192935854366865396,2020-06-21,2020,6,21
15265072103511803160,2020-06-22,2020,6,22
7632266333372489893,2020-06-23,2020,6,23
5397923124976711997,2020-06-24,2020,6,24
5010465640329434794,2020-06-25,2020,6,25
11987582537904658865,2020-06-26,2020,6,26
15570662724453496738,2020-06-27,2020,6,27
3707460818604947797,2020-06-28,2020,6,28
11816757255309925653,2020-06-29,2020,6,29
13466975350316935435,2020-06-30,2020,6,30
12908955477810105126,2020-07-01,2020,7,1
13350060221490362356,2020-07-02,2020,7,2
5504095137724839349,2020-07-03,2020,7,3
9086010327744550796,2020-07-04,2020,7,4
11333460968230001586,2020-07-05,2020,7,5
691925090775960944,2020-07-06,2020,7,6
11418156070716089722,2020-07-07,2020,7,7
9538675334775567384,2020-07-08,2020,7,8
4319405197641093178,2020-07-09,2020,7,9
17578723336453132247,2020-07-10,2020,7,10
14169737669614356322,2020-07-11,2020,7,11
12062688426749554665,2020-07-12,2020,7,12
13053131164289742159,2020-07-13,2020,7,13
6410823518883752947,2020-07-14,2020,7,14
8941538420255635221,2020-07-15,2020,7,15
3271910825708651590,2020-07-16,2020,7,16
2338703214914859429,2020-07-17,2020,7,17
3474244454310087829,2020-07-18,2020,7,18
10470608719938300738,2020-07-19,2020,7,19
14841592379826737823,2020-07-20,2020,7,20
13873361526065810154,2020-07-21,2020,7,21
16606846491642402709,2020-07-22,2020,7,22
13164416212024979866,2020-07-23,2020,7,23
15743415604209805866,2020-07-24,2020,7,24
15731222632736366219,2020-07-25,2020,7,25
3689349637615551408,2020-07-26,2020,7,26
9247136669891362410,2020-07-27,2020,7,27
7665742063472510363,2020-07-28,2020,7,28
17168303253283262831,2020-07-29,2020,7,29
6781478086156608404,2020-07-30,2020,7,30
7296495599814024229,2020-07-31,2020,7,31
9520827005012555423,2020-08-01,2020,8,1
2190815012996771627,2020-08-02,2020,8,2
1532331653687809570,2020-08-03,2020,8,3
13394157581504523007,2020-08-04,2020,8,4
13682732691274237379,2020-08-05,2020,8,5
18205843324185810514,2020-08-06,2020,8,6
8084313219439400987,2020-08-07,2020,8,7
16215116003596049575,2020-08-08,2020,8,8
8402540279561948538,2020-08-09,2020,8,9
6072767399499556750,2020-08-10,2020,8,10
7293889772263925097,2020-08-11,2020,8,11
8037413795131447652,2020-08-12,2020,8,12
11707371313582230798,2020-08-13,2020,8,13
12223023559517250283,2020-08-14,2020,8,14
10759572907503327901,2020-08-15,2020,8,15
15728951456079151772,2020-08-16,2020,8,16
5565131069480323112,2020-08-17,2020,8,17
559883065999694989,2020-08-18,2020,8,18
6822898926009711152,2020-08-19,2020,8,19
6996181981219586850,2020-08-20,2020,8,20
12582033783018948057,2020-08-21,2020,8,21
6139848937349970145,2020-08-22,2020,8,22
6012222119386378736,2020-08-23,2020,8,23
17278134216758296336,2020-08-24,2020,8,24
13568735177568822317,2020-08-25,2020,8,25
8839680769294910392,2020-08-26,2020,8,26
10922258464243719055,2020-08-27,2020,8,27
7085585054504268361,2020-08-28,2020,8,28
7688701771991766493,2020-08-29,2020,8,29
1097769427087369794,2020-08-30,2020,8,30
18185921314455340174,2020-08-31,2020,8,31
2594909299393599946,2020-09-01,2020,9,1
13579181243566302366,2020-09-02,2020,9,2
11024310939876735953,2020-09-03,2020,9,3
17602893364366235657,2020-09-04,2020,9,4
1130519898666386272,2020-09-05,2020,9,5
14186210561451288757,2020-09-06,2020,9,6
17734930513083802977,2020-09-07,2020,9,7
961131728275675925,2020-09-08,2020,9,8
8940299382190272470,2020-09-09,2020,9,9
9427852721567166796,2020-09-10,2020,9,10
17524859884549897234,2020-09-11,2020,9,11
1972129436114890938,2020-09-12,2020,9,12
1305659431991638758,2020-09-13,2020,9,13
16131181156698906095,2020-09-14,2020,9,14
3164107696259758381,2020-09-15,2020,9,15
16542692698986416708,2020-09-16,2020,9,16
9866305362141830183,2020-09-17,2020,9,17
6809142086187681550,2020-09-18,2020,9,18
18347873398949103918,2020-09-19,2020,9,19
17212846064225076981,2020-09-20,2020,9,20
6922788198630878859,2020-09-21,2020,9,21
13773601860457009486,2020-09-22,2020,9,22
6742813430629615618,2020-09-23,2020,9,23
6319863303815976072,2020-09-24,2020,9,24
18250973234990300542,2020-09-25,2020,9,25
4537703285107068331,2020-09-26,2020,9,26
3307571471968532207,2020-09-27,2020,9,27
15741760767926634995,2020-09-28,2020,9,28
9127442613178757908,2020-09-29,2020,9,29
4497957153595742027,2020-09-30,2020,9,30
11627904668200014501,2020-10-01,2020,10,1
1913230794538709589,2020-10-02,2020,10,2
18182340374539148095,2020-10-03,2020,10,3
17252662108176389460,2020-10-04,2020,10,4
17862131004178711962,2020-10-05,2020,10,5
4623926111060301092,2020-10-06,2020,10,6
120382011264960643,2020-10-07,2020,10,7
4954766587584486208,2020-10-08,2020,10,8
4399010279649894060,2020-10-09,2020,10,9
2111744987706871383,2020-10-10,2020,10,10
10425827532862218034,2020-10-11,2020,10,11
1557095639695298145,2020-10-12,2020,10,12
17256248765116443959,2020-10-13,2020,10,13
17047986011515292779,2020-10-14,2020,10,14
14044728912612502661,2020-10-15,2020,10,15
5012378748568910700,2020-10-16,2020,10,16
6578255164230213494,2020-10-17,2020,10,17
12825122753921872760,2020-10-18,2020,10,18
16346419154420779421,2020-10-19,2020,10,19
14209305650027109113,2020-10-20,2020,10,20
9112187000850461491,2020-10-21,2020,10,21
5847938893758493207,2020-10-22,2020,10,22
12347874611498412486,2020-10-23,2020,10,23
12513829265733823138,2020-10-24,2020,10,24
6187450361653901854,2020-10-25,2020,10,25
10846849637371147049,2020-10-26,2020,10,26
8621515944106574283,2020-10-27,2020,10,27
13868023178187328532,2020-10-28,2020,10,28
950758090286396958,2020-10-29,2020,10,29
14073409632114094627,2020-10-30,2020,10,30
13755097352081270272,2020-10-31,2020,10,31
6501352481034886586,2020-11-01,2020,11,1
10501449695297518939,2020-11-02,2020,11,2
11898162175189062178,2020-11-03,2020,11,3
8094640716780283883,2020-11-04,2020,11,4
2628225089716773710,2020-11-05,2020,11,5
17227067975093024422,2020-11-06,2020,11,6
45889051897755525,2020-11-07,2020,11,7
8283740816185894131,2020-11-08,2020,11,8
12668899947114593483,2020-11-09,2020,11,9
13948565275032266834,2020-11-10,2020,11,10
15428622116299053847,2020-11-11,2020,11,11
16158936692015197168,2020-11-12,2020,11,12
15494907088104166935,2020-11-13,2020,11,13
8046180369969409438,2020-11-14,2020,11,14
16206755916997285079,2020-11-15,2020,11,15
9231195250870127647,2020-11-16,2020,11,16
18321814336364941877,2020-11-17,2020,11,17
4326629289369210495,2020-11-18,2020,11,18
13010524676397284093,2020-11-19,2020,11,19
10897353157538556497,2020-11-20,2020,11,20
9395849322091395978,2020-11-21,2020,11,21
16252177038361645898,2020-11-22,2020,11,22
14253285926154222,2020-11-23,2020,11,23
15955987818394335817,2020-11-24,2020,11,24
1400838273333414901,2020-11-25,2020,11,25
3698599105847444484,2020-11-26,2020,11,26
8569225648759969277,2020-11-27,2020,11,27
16388800450903847394,2020-11-28,2020,11,28
10259941792660264896,2020-11-29,2020,11,29
9957788894303311910,2020-11-30,2020,11,30
5794065599167516157,2020-12-01,2020,12,1
7204349370917203618,2020-12-02,2020,12,2
8599132475282349025,2020-12-03,2020,12,3
18244338956164572990,2020-12-04,2020,12,4
973144703171920032,2020-12-05,2020,12,5
11226415997307770545,2020-12-06,2020,12,6
10543057156966839068,2020-12-07,2020,12,7
13652422286310257946,2020-12-08,2020,12,8
17710539574448058493,2020-12-09,2020,12,9
2672049350610795781,2020-12-10,2020,12,10
4340858018463185122,2020-12-11,2020,12,11
16156655991579629784,2020-12-12,2020,12,12
6067539300308594660,2020-12-13,2020,12,13
11323490765691852768,2020-12-14,2020,12,14
2050252955226153138,2020-12-15,2020,12,15
8126801747187274202,2020-12-16,2020,12,16
675797152420888714,2020-12-17,2020,12,17
193972794654784340,2020-12-18,2020,12,18
12881942666896100432,2020-12-19,2020,12,19
5048017953937395597,2020-12-20,2020,12,20
11754098911893097197,2020-12-21,2020,12,21
8051848234908358667,2020-12-22,2020,12,22
1322016738734278301,2020-12-23,2020,12,23
11236278527992418684,2020-12-24,2020,12,24
10391899902711392764,2020-12-25,2020,12,25
12332178334790216973,2020-12-26,2020,12,26
14673975305208212099,2020-12-27,2020,12,27
12617055828350153191,2020-12-28,2020,12,28
4818950675428558584,2020-12-29,2020,12,29
12639452474375697664,2020-12-30,2020,12,30
6059010786263533663,2020-12-31,2020,12,31
4468223259962400905,2021-01-01,2021,1,1
14450903734406681318,2021-01-02,2021,1,2
17369334646233372285,2021-01-03,2021,1,3
4674119655989548060,2021-01-04,2021,1,4
485148092849892287,2021-01-05,2021,1,5
11595791031023807365,2021-01-06,2021,1,6
7762089379635778434,2021-01-07,2021,1,7
16799213345514855589,2021-01-08,2021,1,8
1471872773477418135,2021-01-09,2021,1,9
6194078275867564647,2021-01-10,2021,1,10
1597756524931222068,2021-01-11,2021,1,11
1702439380521872168,2021-01-12,2021,1,12
4028301067897670084,2021-01-13,2021,1,13
5683633653837855123,2021-01-14,2021,1,14
237238087966411111,2021-01-15,2021,1,15
13191978979820237500,2021-01-16,2021,1,16
4696957885867287882,2021-01-17,2021,1,17
13778919492952833494,2021-01-18,2021,1,18
13002500203624441401,2021-01-19,2021,1,19
175764583348643799,2021-01-20,2021,1,20
16688915858914853271,2021-01-21,2021,1,21
10688518481480225677,2021-01-22,2021,1,22
6511426894259683007,2021-01-23,2021,1,23
10973424411882559310,2021-01-24,2021,1,24
17813112479089734092,2021-01-25,2021,1,25
11410784331926639826,2021-01-26,2021,1,26
12507531841766499914,2021-01-27,2021,1,27
10080578209664861809,2021-01-28,2021,1,28
2842195843107973488,2021-01-29,2021,1,29
16949125344652736934,2021-01-30,2021,1,30
5799693161446373277,2021-01-31,2021,1,31
5351962720556715266,2021-02-01,2021,2,1
14947398129741463601,2021-02-02,2021,2,2
14530296327166080031,2021-02-03,2021,2,3
9598869277668808895,2021-02-04,2021,2,4
1851902756340364688,2021-02-05,2021,2,5
7457114022904666027,2021-02-06,2021,2,6
1439868786371612464,2021-02-07,2021,2,7
10407097931013792095,2021-02-08,2021,2,8
4681895725200112052,2021-02-09,2021,2,9
3756550894196939764,2021-02-10,2021,2,10
17619228741140667044,2021-02-11,2021,2,11
16517479933261108696,2021-02-12,2021,2,12
875587412025633235,2021-02-13,2021,2,13
14772508722160538792,2021-02-14,2021,2,14
10235726669799603682,2021-02-15,2021,2,15
6226166449920330652,2021-02-16,2021,2,16
8200031647401297089,2021-02-17,2021,2,17
4795240122300436819,2021-02-18,2021,2,18
5515552152754676160,2021-02-19,2021,2,19
9072632654952424063,2021-02-20,2021,2,20
7866064729484878031,2021-02-21,2021,2,21
12560119805502760750,2021-02-22,2021,2,22
18082822232160412460,2021-02-23,2021,2,23
12187783054280355573,2021-02-24,2021,2,24
17136340117184814645,2021-02-25,2021,2,25
2704967256852516992,2021-02-26,2021,2,26
11386685429431954744,2021-02-27,2021,2,27
16551650792141416468,2021-02-28,2021,2,28
11613098086275822440,2021-03-01,2021,3,1
15286219704751880955,2021-03-02,2021,3,2
3392316905524953050,2021-03-03,2021,3,3
2057590812372127466,2021-03-04,2021,3,4
10775948467153188408,2021-03-05,2021,3,5
11667148879330939387,2021-03-06,2021,3,6
15693085358636983880,2021-03-07,2021,3,7
16588249260107154834,2021-03-08,2021,3,8
14933244088572265429,2021-03-09,2021,3,9
943435907793449580,2021-03-10,2021,3,10
12890916383935409484,2021-03-11,2021,3,11
7231156919479270750,2021-03-12,2021,3,12
8139730189109581167,2021-03-13,2021,3,13
10606728022191885626,2021-03-14,2021,3,14
264736123448671805,2021-03-15,2021,3,15
15102914261103500168,2021-03-16,2021,3,16
15966323491224463282,2021-03-17,2021,3,17
17996081050905908291,2021-03-18,2021,3,18
11262180122906165581,2021-03-19,2021,3,19
2896125967763608543,2021-03-20,2021,3,20
3583751765313998338,2021-03-21,2021,3,21
17003617074633162828,2021-03-22,2021,3,22
4147940382010928299,2021-03-23,2021,3,23
1559522857995290521,2021-03-24,2021,3,24
14841447871289960710,2021-03-25,2021,3,25
16993847573030327876,2021-03-26,2021,3,26
10329745466731451271,2021-03-27,2021,3,27
7224060617850918360,2021-03-28,2021,3,28
14500582752070367652,2021-03-29,2021,3,29
11810921500244567669,2021-03-30,2021,3,30
9881149446946123589,2021-03-31,2021,3,31
17171860365485312882,2021-04-01,2021,4,1
1280109577514309843,2021-04-02,2021,4,2
11619999151360312015,2021-04-03,2021,4,3
13760689137958210000,2021-04-04,2021,4,4
561827495542896776,2021-04-05,2021,4,5
464777054068185453,2021-04-06,2021,4,6
10604363943658954393,2021-04-07,2021,4,7
7675324561664089449,2021-04-08,2021,4,8
17525608339271936480,2021-04-09,2021,4,9
5582502385813737866,2021-04-10,2021,4,10
16739615605458759441,2021-04-11,2021,4,11
9551587928440647404,2021-04-12,2021,4,12
1490387870843093578,2021-04-13,2021,4,13
3659370378701203885,2021-04-14,2021,4,14
7548689018566929384,2021-04-15,2021,4,15
16634595280013326461,2021-04-16,2021,4,16
373421135589897014,2021-04-17,2021,4,17
8649976211939059714,2021-04-18,2021,4,18
13107250502740615901,2021-04-19,2021,4,19
4865033620248271146,2021-04-20,2021,4,20
8533209308790059403,2021-04-21,2021,4,21
12062637156188288916,2021-04-22,2021,4,22
4443891814937807428,2021-04-23,2021,4,23
1255675046232700865,2021-04-24,2021,4,24
4127415808417882797,2021-04-25,2021,4,25
13744495888198254695,2021-04-26,2021,4,26
8560581910961957488,2021-04-27,2021,4,27
4814034551307105260,2021-04-28,2021,4,28
13810311456630630422,2021-04-29,2021,4,29
15833914143888741799,2021-04-30,2021,4,30
2886391948719935342,2021-05-01,2021,5,1
14428468179735685545,2021-05-02,2021,5,2
11132264075942198299,2021-05-03,2021,5,3
14136892164495717260,2021-05-04,2021,5,4
6274707193204019962,2021-05-05,2021,5,5
6231809751023392954,2021-05-06,2021,5,6
15227906315218166919,2021-05-07,2021,5,7
3254687433680935451,2021-05-08,2021,5,8
2932631701233145757,2021-05-09,2021,5,9
17257098934059400813,2021-05-10,2021,5,10
1894662561231587859,2021-05-11,2021,5,11
12326752012327748759,2021-05-12,2021,5,12
4449559145525946851,2021-05-13,2021,5,13
7959913928562660658,2021-05-14,2021,5,14
2872588168487884171,2021-05-15,2021,5,15
16964211504201800542,2021-05-16,2021,5,16
8858656676800966949,2021-05-17,2021,5,17
13372298444614509802,2021-05-18,2021,5,18
6737879229052342583,2021-05-19,2021,5,19
4560699551004589902,2021-05-20,2021,5,20
18023449787427922695,2021-05-21,2021,5,21
10560066457529879250,2021-05-22,2021,5,22
5136387235454484183,2021-05-23,2021,5,23
12649772092927238613,2021-05-24,2021,5,24
11686543570121662443,2021-05-25,2021,5,25
2961907035035057339,2021-05-26,2021,5,26
17440281475758230178,2021-05-27,2021,5,27
468849231110032200,2021-05-28,2021,5,28
11901141919310068148,2021-05-29,2021,5,29
8445515469923533028,2021-05-30,2021,5,30
12236249768240002439,2021-05-31,2021,5,31
14298892616947194440,2021-06-01,2021,6,1
17692560688413364678,2021-06-02,2021,6,2
13029796699316926661,2021-06-03,2021,6,3
14485555550061031566,2021-06-04,2021,6,4
11600016161252844265,2021-06-05,2021,6,5
18263368157734130650,2021-06-06,2021,6,6
2360678503118950393,2021-06-07,2021,6,7
8315992058854436241,2021-06-08,2021,6,8
11248114523238993396,2021-06-09,2021,6,9
17944245339685174768,2021-06-10,2021,6,10
15967567279298140060,2021-06-11,2021,6,11
8535080819067786744,2021-06-12,2021,6,12
7279930057672736166,2021-06-13,2021,6,13
14971161191686153332,2021-06-14,2021,6,14
8748015045466729594,2021-06-15,2021,6,15
16661095031355632719,2021-06-16,2021,6,16
17657032645262218552,2021-06-17,2021,6,17
8209880653658687510,2021-06-18,2021,6,18
8312494365403021247,2021-06-19,2021,6,19
3883606693382953325,2021-06-20,2021,6,20
8693581607740906019,2021-06-21,2021,6,21
11537751428585897326,2021-06-22,2021,6,22
368583973808221679,2021-06-23,2021,6,23
16770729730335775731,2021-06-24,2021,6,24
3270206320344642289,2021-06-25,2021,6,25
956884377851555460,2021-06-26,2021,6,26
12804450845828779200,2021-06-27,2021,6,27
14592511176842194782,2021-06-28,2021,6,28
13223325285222638804,2021-06-29,2021,6,29
15734268755884494730,2021-06-30,2021,6,30
2969462172629486071,2021-07-01,2021,7,1
8640813143852653737,2021-07-02,2021,7,2
16394588039270952875,2021-07-03,2021,7,3
16678583779740363573,2021-07-04,2021,7,4
8585347543267992461,2021-07-05,2021,7,5
15543940416570678963,2021-07-06,2021,7,6
10779368190528225351,2021-07-07,2021,7,7
15484787462282775426,2021-07-08,2021,7,8
18242791815102399884,2021-07-09,2021,7,9
4551748281496520824,2021-07-10,2021,7,10
399484755799268945,2021-07-11,2021,7,11
13850616722402206287,2021-07-12,2021,7,12
10056681626514604996,2021-07-13,2021,7,13
17471351162342009990,2021-07-14,2021,7,14
16331262646161600202,2021-07-15,2021,7,15
4565877038710754242,2021-07-16,2021,7,16
8202380958403722953,2021-07-17,2021,7,17
12632952861957026213,2021-07-18,2021,7,18
3998938612021692558,2021-07-19,2021,7,19
9737110456564317789,2021-07-20,2021,7,20
13859136641765941230,2021-07-21,2021,7,21
10547090924062932328,2021-07-22,2021,7,22
17341782118187314982,2021-07-23,2021,7,23
9694893534350613198,2021-07-24,2021,7,24
14166109767136929136,2021-07-25,2021,7,25
11506992580123009082,2021-07-26,2021,7,26
9873245997952079064,2021-07-27,2021,7,27
3319510416644204703,2021-07-28,2021,7,28
13014714231419939465,2021-07-29,2021,7,29
10990227700022320153,2021-07-30,2021,7,30
6679739894450860358,2021-07-31,2021,7,31
6684144161940947233,2021-08-01,2021,8,1
18000851590471230692,2021-08-02,2021,8,2
14781873224205820814,2021-08-03,2021,8,3
7675830205157157197,2021-08-04,2021,8,4
10616331853739627268,2021-08-05,2021,8,5
2684253602746054506,2021-08-06,2021,8,6
5387263957420095073,2021-08-07,2021,8,7
13044384216884149948,2021-08-08,2021,8,8
8332436461152998507,2021-08-09,2021,8,9
13306132870704162003,2021-08-10,2021,8,10
647053739592855264,2021-08-11,2021,8,11
17827806701596836894,2021-08-12,2021,8,12
11879867808782757886,2021-08-13,2021,8,13
12945676676283111643,2021-08-14,2021,8,14
4926598883701244425,2021-08-15,2021,8,15
63686301568047641,2021-08-16,2021,8,16
17713574217122929799,2021-08-17,2021,8,17
2712892088816740884,2021-08-18,2021,8,18
14974774297292102623,2021-08-19,2021,8,19
1550070402000991014,2021-08-20,2021,8,20
239804080350404662,2021-08-21,2021,8,21
1049283209932105417,2021-08-22,2021,8,22
12370149730405808885,2021-08-23,2021,8,23
11883516093251257856,2021-08-24,2021,8,24
12186364453569378881,2021-08-25,2021,8,25
13028246023576101979,2021-08-26,2021,8,26
11339831637575000369,2021-08-27,2021,8,27
10796848676405631610,2021-08-28,2021,8,28
4519074964989153690,2021-08-29,2021,8,29
8797454793644112077,2021-08-30,2021,8,30
819657437181410765,2021-08-31,2021,8,31
5136470172204130330,2021-09-01,2021,9,1
2690115323847317313,2021-09-02,2021,9,2
7041644895523372190,2021-09-03,2021,9,3
5664962910222408706,2021-09-04,2021,9,4
5271810661984485326,2021-09-05,2021,9,5
13029484815235661785,2021-09-06,2021,9,6
13444395905986271199,2021-09-07,2021,9,7
13627542824926993772,2021-09-08,2021,9,8
11566582190282172200,2021-09-09,2021,9,9
12946318771406553487,2021-09-10,2021,9,10
8655466616226580894,2021-09-11,2021,9,11
16273927912518273326,2021-09-12,2021,9,12
14556415621054297911,2021-09-13,2021,9,13
10655157713043154231,2021-09-14,2021,9,14
5019761572194926969,2021-09-15,2021,9,15
14290621424103220982,2021-09-16,2021,9,16
14507054845108731228,2021-09-17,2021,9,17
9508400646912042147,2021-09-18,2021,9,18
18129217399768754365,2021-09-19,2021,9,19
115997858736470569,2021-09-20,2021,9,20
4402167158027472563,2021-09-21,2021,9,21
14097890972885390688,2021-09-22,2021,9,22
15499188110283736835,2021-09-23,2021,9,23
1144776774045274995,2021-09-24,2021,9,24
15189680114631089583,2021-09-25,2021,9,25
17755694783868156179,2021-09-26,2021,9,26
8176495857272266806,2021-09-27,2021,9,27
18002767710607787305,2021-09-28,2021,9,28
3689779346227338852,2021-09-29,2021,9,29
8276838048486039742,2021-09-30,2021,9,30
4572214482888775936,2021-10-01,2021,10,1
10456130826026423515,2021-10-02,2021,10,2
9130747401382315674,2021-10-03,2021,10,3
11407318041528508416,2021-10-04,2021,10,4
14899012368260814992,2021-10-05,2021,10,5
9811324799634828643,2021-10-06,2021,10,6
7182824699903068669,2021-10-07,2021,10,7
3965827301327486193,2021-10-08,2021,10,8
12728464781974121845,2021-10-09,2021,10,9
7788326852355237593,2021-10-10,2021,10,10
3040449768341991025,2021-10-11,2021,10,11
17665092147362209887,2021-10-12,2021,10,12
8545636599595217975,2021-10-13,2021,10,13
14239273095176821439,2021-10-14,2021,10,14
822996438893576588,2021-10-15,2021,10,15
9812452110142050397,2021-10-16,2021,10,16
14740334846262084873,2021-10-17,2021,10,17
1283584440939134348,2021-10-18,2021,10,18
11510558006869680818,2021-10-19,2021,10,19
11147260938513837547,2021-10-20,2021,10,20
12835572612837188410,2021-10-21,2021,10,21
1506658235132354064,2021-10-22,2021,10,22
14277870052622349993,2021-10-23,2021,10,23
2585685086411937636,2021-10-24,2021,10,24
11773984308117531852,2021-10-25,2021,10,25
5973584777531323121,2021-10-26,2021,10,26
3494718661918542554,2021-10-27,2021,10,27
5166608376710962647,2021-10-28,2021,10,28
15784216258126666647,2021-10-29,2021,10,29
12038809889055892929,2021-10-30,2021,10,30
8680161913656702134,2021-10-31,2021,10,31
501921726420115953,2021-11-01,2021,11,1
14726513162598772553,2021-11-02,2021,11,2
26344313022126527,2021-11-03,2021,11,3
17329294928405734199,2021-11-04,2021,11,4
3691833305439825447,2021-11-05,2021,11,5
3927395326053940348,2021-11-06,2021,11,6
8286074435415746361,2021-11-07,2021,11,7
5380444491623323025,2021-11-08,2021,11,8
7084581659030744895,2021-11-09,2021,11,9
9377381054424014417,2021-11-10,2021,11,10
9308127551901831186,2021-11-11,2021,11,11
14545490146901583779,2021-11-12,2021,11,12
8866361559068750749,2021-11-13,2021,11,13
5597390324504781724,2021-11-14,2021,11,14
7012905906275523111,2021-11-15,2021,11,15
17494938564268398840,2021-11-16,2021,11,16
9513817310240729721,2021-11-17,2021,11,17
17566121155823423132,2021-11-18,2021,11,18
2809897879869167714,2021-11-19,2021,11,19
12659210636395165921,2021-11-20,2021,11,20
16745911570469534794,2021-11-21,2021,11,21
14688892324262846137,2021-11-22,2021,11,22
2958072438716466785,2021-11-23,2021,11,23
6113787266839925063,2021-11-24,2021,11,24
10619741286343186783,2021-11-25,2021,11,25
13840397324964150250,2021-11-26,2021,11,26
2750478294295027300,2021-11-27,2021,11,27
1302640608156407656,2021-11-28,2021,11,28
11810449221443981473,2021-11-29,2021,11,29
13481204995198135894,2021-11-30,2021,11,30
2736310308901604638,2021-12-01,2021,12,1
4255740473632737320,2021-12-02,2021,12,2
5126904687511104545,2021-12-03,2021,12,3
6660511371527348084,2021-12-04,2021,12,4
8783362694223646022,2021-12-05,2021,12,5
4556179811824617669,2021-12-06,2021,12,6
15568813194460057316,2021-12-07,2021,12,7
12570925736203903863,2021-12-08,2021,12,8
18187938261645816524,2021-12-09,2021,12,9
18065005049032853321,2021-12-10,2021,12,10
9338529812783466399,2021-12-11,2021,12,11
14433651823709039508,2021-12-12,2021,12,12
13299329519096971946,2021-12-13,2021,12,13
14837959745161340246,2021-12-14,2021,12,14
4376228142748527953,2021-12-15,2021,12,15
4348377230040813046,2021-12-16,2021,12,16
7741919974088625890,2021-12-17,2021,12,17
3299155607909342178,2021-12-18,2021,12,18
8608042679655517026,2021-12-19,2021,12,19
4764817717047897122,2021-12-20,2021,12,20
9818960834220374251,2021-12-21,2021,12,21
7847318032393945494,2021-12-22,2021,12,22
14397744613788820932,2021-12-23,2021,12,23
2126501928922417399,2021-12-24,2021,12,24
13085080083481556682,2021-12-25,2021,12,25
9397989461593988473,2021-12-26,2021,12,26
15099668804777001677,2021-12-27,2021,12,27
4881661803934530665,2021-12-28,2021,12,28
10687108286902196654,2021-12-29,2021,12,29
1302680745995458015,2021-12-30,2021,12,30
14999010866221943881,2021-12-31,2021,12,31
7199593050109213918,2022-01-01,2022,1,1
8127857819119814479,2022-01-02,2022,1,2
10513065235944865643,2022-01-03,2022,1,3
11235067544974782245,2022-01-04,2022,1,4
2381410070842849175,2022-01-05,2022,1,5
12397141402552566274,2022-01-06,2022,1,6
5351046408293455859,2022-01-07,2022,1,7
3091699587497544105,2022-01-08,2022,1,8
10556639465972616900,2022-01-09,2022,1,9
13312095382982803343,2022-01-10,2022,1,10
8998556701801330789,2022-01-11,2022,1,11
18299591715215555969,2022-01-12,2022,1,12
5271451558161591297,2022-01-13,2022,1,13
7761422005231101063,2022-01-14,2022,1,14
13873720767815041859,2022-01-15,2022,1,15
16109386572590921695,2022-01-16,2022,1,16
10494757807730659027,2022-01-17,2022,1,17
3009505336385409846,2022-01-18,2022,1,18
5551291306081952207,2022-01-19,2022,1,19
6017306371491565560,2022-01-20,2022,1,20
1629804391327699996,2022-01-21,2022,1,21
10314346049572274886,2022-01-22,2022,1,22
6766278774880411174,2022-01-23,2022,1,23
2642620890881213273,2022-01-24,2022,1,24
6457550636196907907,2022-01-25,2022,1,25
12906030795910964674,2022-01-26,2022,1,26
1007196434069009783,2022-01-27,2022,1,27
7848576554853217922,2022-01-28,2022,1,28
1691681602605758924,2022-01-29,2022,1,29
8062010161167345068,2022-01-30,2022,1,30
6575699253080483680,2022-01-31,2022,1,31
15855249813995258644,2022-02-01,2022,2,1
1277936884745369479,2022-02-02,2022,2,2
4338530141675867640,2022-02-03,2022,2,3
12817373603852814838,2022-02-04,2022,2,4
8278680489511255601,2022-02-05,2022,2,5
15986996241824166597,2022-02-06,2022,2,6
4055856462519130627,2022-02-07,2022,2,7
17894241946022427456,2022-02-08,2022,2,8
6287762082421479876,2022-02-09,2022,2,9
14442431794857503793,2022-02-10,2022,2,10
567330620435790302,2022-02-11,2022,2,11
15753922631050894681,2022-02-12,2022,2,12
18367181164134446275,2022-02-13,2022,2,13
1778077799507369116,2022-02-14,2022,2,14
16820654577305766676,2022-02-15,2022,2,15
18009367834205463739,2022-02-16,2022,2,16
17016765799003686024,2022-02-17,2022,2,17
15563506023206778825,2022-02-18,2022,2,18
11054466638228333813,2022-02-19,2022,2,19
6864185518801657373,2022-02-20,2022,2,20
11988219869536404214,2022-02-21,2022,2,21
11361387369517894145,2022-02-22,2022,2,22
12168853816884218169,2022-02-23,2022,2,23
13454967220570845108,2022-02-24,2022,2,24
16684892509652185153,2022-02-25,2022,2,25
1881790478416433962,2022-02-26,2022,2,26
5180319426690514498,2022-02-27,2022,2,27
10486392659654308202,2022-02-28,2022,2,28
14521975438626228022,2022-03-01,2022,3,1
5810884720695290201,2022-03-02,2022,3,2
16385401252313334072,2022-03-03,2022,3,3
2417077454434218309,2022-03-04,2022,3,4
10675790118042010258,2022-03-05,2022,3,5
1695264169884655729,2022-03-06,2022,3,6
16420239626904872223,2022-03-07,2022,3,7
2162919294411173952,2022-03-08,2022,3,8
14488602867221019666,2022-03-09,2022,3,9
6699270266082751172,2022-03-10,2022,3,10
10796318973658376212,2022-03-11,2022,3,11
11162651416805142646,2022-03-12,2022,3,12
10749643459595554900,2022-03-13,2022,3,13
8416636750203126620,2022-03-14,2022,3,14
1232315748517910841,2022-03-15,2022,3,15
8326568073780814606,2022-03-16,2022,3,16
11090437107933534795,2022-03-17,2022,3,17
4480032365953407312,2022-03-18,2022,3,18
15379734286477031518,2022-03-19,2022,3,19
9894210557250246057,2022-03-20,2022,3,20
17123459166616109548,2022-03-21,2022,3,21
12514157528977531495,2022-03-22,2022,3,22
15589378811620426932,2022-03-23,2022,3,23
8055654254268181846,2022-03-24,2022,3,24
7442931784587170734,2022-03-25,2022,3,25
17127101282718047761,2022-03-26,2022,3,26
1207938845112203602,2022-03-27,2022,3,27
15865889996107101629,2022-03-28,2022,3,28
2560485155798779763,2022-03-29,2022,3,29
1827002748205775386,2022-03-30,2022,3,30
8952732832536826768,2022-03-31,2022,3,31
4991505718705873269,2022-04-01,2022,4,1
10121111548548354829,2022-04-02,2022,4,2
7628640812903561576,2022-04-03,2022,4,3
424921858569168540,2022-04-04,2022,4,4
13243968143239580919,2022-04-05,2022,4,5
13927267866152136289,2022-04-06,2022,4,6
15318132137794033573,2022-04-07,2022,4,7
6921835902710147156,2022-04-08,2022,4,8
14930875497191426834,2022-04-09,2022,4,9
3382516160893022263,2022-04-10,2022,4,10
12568336597135438572,2022-04-11,2022,4,11
10363034028025982509,2022-04-12,2022,4,12
17813918196356453036,2022-04-13,2022,4,13
11811769657808255646,2022-04-14,2022,4,14
2967254758757456641,2022-04-15,2022,4,15
2407195603384287612,2022-04-16,2022,4,16
14518788250161427768,2022-04-17,2022,4,17
2260315770340726375,2022-04-18,2022,4,18
6522289211064730070,2022-04-19,2022,4,19
11996119111020568276,2022-04-20,2022,4,20
15988991957840293805,2022-04-21,2022,4,21
6425861039512807573,2022-04-22,2022,4,22
5204751957192498044,2022-04-23,2022,4,23
5495945272864073568,2022-04-24,2022,4,24
13344427117765399145,2022-04-25,2022,4,25
18128212820479400448,2022-04-26,2022,4,26
2720310355212476026,2022-04-27,2022,4,27
10951617460451180995,2022-04-28,2022,4,28
17128715537802885701,2022-04-29,2022,4,29
11397545283527456381,2022-04-30,2022,4,30
2449513612112493731,2022-05-01,2022,5,1
483794196412867377,2022-05-02,2022,5,2
18305409504795241939,2022-05-03,2022,5,3
3849168888789634197,2022-05-04,2022,5,4
10424911653152132020,2022-05-05,2022,5,5
8436989374853130215,2022-05-06,2022,5,6
4695100747439444956,2022-05-07,2022,5,7
11520692068189694164,2022-05-08,2022,5,8
7608986623960285157,2022-05-09,2022,5,9
3262768840418861966,2022-05-10,2022,5,10
1108503541096367341,2022-05-11,2022,5,11
3309928279618685473,2022-05-12,2022,5,12
602581637240462548,2022-05-13,2022,5,13
15765815275618492585,2022-05-14,2022,5,14
11080305823969162521,2022-05-15,2022,5,15
18192685815117517956,2022-05-16,2022,5,16
3057973394915801167,2022-05-17,2022,5,17
16842822937033367952,2022-05-18,2022,5,18
3920520294316486229,2022-05-19,2022,5,19
2134382719651165246,2022-05-20,2022,5,20
12599631382481752608,2022-05-21,2022,5,21
11728486694381908916,2022-05-22,2022,5,22
2613826779666927710,2022-05-23,2022,5,23
14097119922374535773,2022-05-24,2022,5,24
12865253922156244964,2022-05-25,2022,5,25
7912262988399829900,2022-05-26,2022,5,26
1940462956058465697,2022-05-27,2022,5,27
7267395484153625006,2022-05-28,2022,5,28
4702426125774072094,2022-05-29,2022,5,29
7735820936631550762,2022-05-30,2022,5,30
14762167251976010564,2022-05-31,2022,5,31
15455103262698067760,2022-06-01,2022,6,1
5593329731890437231,2022-06-02,2022,6,2
2393877568248937330,2022-06-03,2022,6,3
5325663171385354966,2022-06-04,2022,6,4
14807582490636276831,2022-06-05,2022,6,5
6448946540433694364,2022-06-06,2022,6,6
6415252109168074612,2022-06-07,2022,6,7
12052257623931043277,2022-06-08,2022,6,8
18019576925224721477,2022-06-09,2022,6,9
2859251458868141900,2022-06-10,2022,6,10
240856672321832894,2022-06-11,2022,6,11
7018177267528058118,2022-06-12,2022,6,12
15732472138968486197,2022-06-13,2022,6,13
8252146923559948542,2022-06-14,2022,6,14
2075937668896662102,2022-06-15,2022,6,15
5093189392211178335,2022-06-16,2022,6,16
18196430925720975946,2022-06-17,2022,6,17
9618648345223696797,2022-06-18,2022,6,18
17193068068392919715,2022-06-19,2022,6,19
8635096792091415177,2022-06-20,2022,6,20
15956388101804609699,2022-06-21,2022,6,21
4675927441564394637,2022-06-22,2022,6,22
16247287068098185587,2022-06-23,2022,6,23
4892709834596356747,2022-06-24,2022,6,24
7289696435777493726,2022-06-25,2022,6,25
11486502306659825910,2022-06-26,2022,6,26
15456001975587732580,2022-06-27,2022,6,27
1250718932372186839,2022-06-28,2022,6,28
12771830767458127606,2022-06-29,2022,6,29
14006323700226537734,2022-06-30,2022,6,30
2636736560893704019,2022-07-01,2022,7,1
18236538972360437171,2022-07-02,2022,7,2
18365631010276040132,2022-07-03,2022,7,3
15466115476787224536,2022-07-04,2022,7,4
16773424315354051451,2022-07-05,2022,7,5
14076741825052184892,2022-07-06,2022,7,6
15343447528064293453,2022-07-07,2022,7,7
4900973157294682484,2022-07-08,2022,7,8
7870032279384032849,2022-07-09,2022,7,9
11694797819337187914,2022-07-10,2022,7,10
18356051155774970795,2022-07-11,2022,7,11
15451188946634312221,2022-07-12,2022,7,12
5589692454852744819,2022-07-13,2022,7,13
9077214316212691258,2022-07-14,2022,7,14
15019230454150425702,2022-07-15,2022,7,15
9096447201161488840,2022-07-16,2022,7,16
11058638448099187994,2022-07-17,2022,7,17
13571488639675178213,2022-07-18,2022,7,18
11449271372110789417,2022-07-19,2022,7,19
4084621908108664553,2022-07-20,2022,7,20
3134222994464550482,2022-07-21,2022,7,21
5652920065451062042,2022-07-22,2022,7,22
5245331013513020242,2022-07-23,2022,7,23
4824402712462732035,2022-07-24,2022,7,24
8764204902723662725,2022-07-25,2022,7,25
18043324890177316402,2022-07-26,2022,7,26
403142414103496480,2022-07-27,2022,7,27
13642727688743317737,2022-07-28,2022,7,28
1284398684402530584,2022-07-29,2022,7,29
6010571537334530562,2022-07-30,2022,7,30
3580154060677844992,2022-07-31,2022,7,31
10884295989696578931,2022-08-01,2022,8,1
1351450980875378891,2022-08-02,2022,8,2
8857337588958096808,2022-08-03,2022,8,3
7181063038943906643,2022-08-04,2022,8,4
10107690572498501278,2022-08-05,2022,8,5
13160102353557069139,2022-08-06,2022,8,6
8279233053679513879,2022-08-07,2022,8,7
278453303756596082,2022-08-08,2022,8,8
6558060054286584130,2022-08-09,2022,8,9
7570234144188695026,2022-08-10,2022,8,10
18118815537289647499,2022-08-11,2022,8,11
12304164559451565112,2022-08-12,2022,8,12
10433481942400125356,2022-08-13,2022,8,13
4294845625921263342,2022-08-14,2022,8,14
4824889671362017129,2022-08-15,2022,8,15
13634306530619027504,2022-08-16,2022,8,16
10556862173755856143,2022-08-17,2022,8,17
6859208828206276586,2022-08-18,2022,8,18
10461150902482442992,2022-08-19,2022,8,19
15264595207152617989,2022-08-20,2022,8,20
9277978433154752583,2022-08-21,2022,8,21
7236449846219594454,2022-08-22,2022,8,22
16003904102263642909,2022-08-23,2022,8,23
14198987664194760457,2022-08-24,2022,8,24
9542244972217684846,2022-08-25,2022,8,25
4337243325916201027,2022-08-26,2022,8,26
16218310742370188789,2022-08-27,2022,8,27
13287286321069351428,2022-08-28,2022,8,28
16538444499115047508,2022-08-29,2022,8,29
11356621265943009237,2022-08-30,2022,8,30
10872696683898907938,2022-08-31,2022,8,31
10886028850581209813,2022-09-01,2022,9,1
12459810127993725614,2022-09-02,2022,9,2
1657306720835960064,2022-09-03,2022,9,3
9532803005274162278,2022-09-04,2022,9,4
9103709837752301099,2022-09-05,2022,9,5
13184661763206769398,2022-09-06,2022,9,6
7188944071632929293,2022-09-07,2022,9,7
13219617832830686782,2022-09-08,2022,9,8
15244153540852062231,2022-09-09,2022,9,9
13578867101220324642,2022-09-10,2022,9,10
9126370659716663130,2022-09-11,2022,9,11
11758658635665868016,2022-09-12,2022,9,12
14022425503937757683,2022-09-13,2022,9,13
4940047686928363096,2022-09-14,2022,9,14
17559088850558635689,2022-09-15,2022,9,15
4535066353349372722,2022-09-16,2022,9,16
15780706708541311273,2022-09-17,2022,9,17
5077196040797189939,2022-09-18,2022,9,18
10236895546946831311,2022-09-19,2022,9,19
3808906308734159478,2022-09-20,2022,9,20
6648937021152604653,2022-09-21,2022,9,21
3914303820358615405,2022-09-22,2022,9,22
7649649772409857060,2022-09-23,2022,9,23
1344763142605666788,2022-09-24,2022,9,24
17628952319876419590,2022-09-25,2022,9,25
9247757300842194428,2022-09-26,2022,9,26
13727991751235745826,2022-09-27,2022,9,27
1402558261940209426,2022-09-28,2022,9,28
9465682099708639503,2022-09-29,2022,9,29
8312090182465742619,2022-09-30,2022,9,30
14133380032499508808,2022-10-01,2022,10,1
3683417723731231584,2022-10-02,2022,10,2
8479581226333641345,2022-10-03,2022,10,3
3648104220679863089,2022-10-04,2022,10,4
1202712784223344726,2022-10-05,2022,10,5
8260565784460939497,2022-10-06,2022,10,6
10420815629233762771,2022-10-07,2022,10,7
16490429541997568208,2022-10-08,2022,10,8
1219770416368146294,2022-10-09,2022,10,9
6376375969488815645,2022-10-10,2022,10,10
11493693303176281431,2022-10-11,2022,10,11
14636574389885717852,2022-10-12,2022,10,12
11836389692343393682,2022-10-13,2022,10,13
18138431221469692915,2022-10-14,2022,10,14
8215291804634366201,2022-10-15,2022,10,15
2606066819264042907,2022-10-16,2022,10,16
977076125892491720,2022-10-17,2022,10,17
17073554622709188524,2022-10-18,2022,10,18
5822656830031717325,2022-10-19,2022,10,19
7836112083821966758,2022-10-20,2022,10,20
1957699103593188879,2022-10-21,2022,10,21
4909010363246366988,2022-10-22,2022,10,22
5573590301055319101,2022-10-23,2022,10,23
8824201597726493398,2022-10-24,2022,10,24
7295138328988621269,2022-10-25,2022,10,25
2089107054353923486,2022-10-26,2022,10,26
2600735022547617068,2022-10-27,2022,10,27
17892407627522377539,2022-10-28,2022,10,28
10841721964317798526,2022-10-29,2022,10,29
13006008072725503377,2022-10-30,2022,10,30
13165676415913200262,2022-10-31,2022,10,31
13948379765400552724,2022-11-01,2022,11,1
567796216867646125,2022-11-02,2022,11,2
14348585541715120201,2022-11-03,2022,11,3
15135732791017189099,2022-11-04,2022,11,4
2063440202486340733,2022-11-05,2022,11,5
14854336182775855551,2022-11-06,2022,11,6
14342343841056218134,2022-11-07,2022,11,7
1796214965373202227,2022-11-08,2022,11,8
2934905384128146048,2022-11-09,2022,11,9
3929438430675493785,2022-11-10,2022,11,10
11677374593799486025,2022-11-11,2022,11,11
15530590258349643940,2022-11-12,2022,11,12
3440805688800388889,2022-11-13,2022,11,13
2402212198569965000,2022-11-14,2022,11,14
5624800187625967397,2022-11-15,2022,11,15
4719162104158758559,2022-11-16,2022,11,16
1571332830663318840,2022-11-17,2022,11,17
8300276504696393293,2022-11-18,2022,11,18
17989103231777331760,2022-11-19,2022,11,19
8771287747698773049,2022-11-20,2022,11,20
10424010523039812315,2022-11-21,2022,11,21
2669246242137434720,2022-11-22,2022,11,22
16077339903132296516,2022-11-23,2022,11,23
2979937598282152188,2022-11-24,2022,11,24
17942411485840209341,2022-11-25,2022,11,25
16578360160156796691,2022-11-26,2022,11,26
16673777345909210376,2022-11-27,2022,11,27
11901859352527652783,2022-11-28,2022,11,28
8665883688649048625,2022-11-29,2022,11,29
13876620705589599425,2022-11-30,2022,11,30
5827960651874540928,2022-12-01,2022,12,1
14163138660763144805,2022-12-02,2022,12,2
1435749074541160539,2022-12-03,2022,12,3
11380566906054181398,2022-12-04,2022,12,4
3683405246213557910,2022-12-05,2022,12,5
14002353790858187431,2022-12-06,2022,12,6
15792023303916789239,2022-12-07,2022,12,7
13283002810586928968,2022-12-08,2022,12,8
6968035145139316513,2022-12-09,2022,12,9
3113635705512268105,2022-12-10,2022,12,10
11663301678055512695,2022-12-11,2022,12,11
14417701433780651783,2022-12-12,2022,12,12
5934489115587325690,2022-12-13,2022,12,13
2452988446545516168,2022-12-14,2022,12,14
10087898616922518214,2022-12-15,2022,12,15
14313736887266705495,2022-12-16,2022,12,16
3541796092153245870,2022-12-17,2022,12,17
4697193808394673750,2022-12-18,2022,12,18
10165954794187453966,2022-12-19,2022,12,19
1249625304350330463,2022-12-20,2022,12,20
12965243706561215651,2022-12-21,2022,12,21
17890854425887848972,2022-12-22,2022,12,22
12652276704279092472,2022-12-23,2022,12,23
7396629962983084070,2022-12-24,2022,12,24
2190840514056654770,2022-12-25,2022,12,25
4060282271509126617,2022-12-26,2022,12,26
15337549258335212806,2022-12-27,2022,12,27
1132363110360504909,2022-12-28,2022,12,28
6826285448920544355,2022-12-29,2022,12,29
10505261786496484362,2022-12-30,2022,12,30
1639529521863165131,2022-12-31,2022,12,31
11034903918855752668,2023-01-01,2023,1,1
10349049654562065170,2023-01-02,2023,1,2
14235078803425243358,2023-01-03,2023,1,3
14954832124576009348,2023-01-04,2023,1,4
760034852774229312,2023-01-05,2023,1,5
17901618309876165666,2023-01-06,2023,1,6
6126250947771139952,2023-01-07,2023,1,7
18238066847211465622,2023-01-08,2023,1,8
10207660284077469714,2023-01-09,2023,1,9
2246452545669519845,2023-01-10,2023,1,10
13650746340290709076,2023-01-11,2023,1,11
3947969181972812045,2023-01-12,2023,1,12
661628164107240192,2023-01-13,2023,1,13
13605969487618957296,2023-01-14,2023,1,14
5104559338723710384,2023-01-15,2023,1,15
4685200718705218192,2023-01-16,2023,1,16
11286049034663214059,2023-01-17,2023,1,17
14327390934035996660,2023-01-18,2023,1,18
2019071185607076820,2023-01-19,2023,1,19
16229955769230005073,2023-01-20,2023,1,20
18292769533592438296,2023-01-21,2023,1,21
17861526221650879198,2023-01-22,2023,1,22
8041325522324417975,2023-01-23,2023,1,23
15623538209277694030,2023-01-24,2023,1,24
3954147080833483807,2023-01-25,2023,1,25
4887885171008163473,2023-01-26,2023,1,26
14880769937083158727,2023-01-27,2023,1,27
13747831827786119227,2023-01-28,2023,1,28
11944756168961082617,2023-01-29,2023,1,29
8309345537395560394,2023-01-30,2023,1,30
4246415029604300538,2023-01-31,2023,1,31
9181446210762045968,2023-02-01,2023,2,1
15340793963090584104,2023-02-02,2023,2,2
15169860860895495158,2023-02-03,2023,2,3
4201910320600070384,2023-02-04,2023,2,4
12856075690339757790,2023-02-05,2023,2,5
17674085480714796576,2023-02-06,2023,2,6
2734385373041598982,2023-02-07,2023,2,7
6680333582814772810,2023-02-08,2023,2,8
16033730057388537769,2023-02-09,2023,2,9
9236257289792579062,2023-02-10,2023,2,10
6340610178628035123,2023-02-11,2023,2,11
7555117150556361633,2023-02-12,2023,2,12
17041098443462120092,2023-02-13,2023,2,13
1907101108047661210,2023-02-14,2023,2,14
6366038644533680913,2023-02-15,2023,2,15
9179700561769606846,2023-02-16,2023,2,16
4802244922654428830,2023-02-17,2023,2,17
15339597773874598316,2023-02-18,2023,2,18
14694988488640762028,2023-02-19,2023,2,19
10511342187536861843,2023-02-20,2023,2,20
1375108447623802028,2023-02-21,2023,2,21
1612154724134322823,2023-02-22,2023,2,22
4354087828534451464,2023-02-23,2023,2,23
13926394944475197122,2023-02-24,2023,2,24
9542682742680059614,2023-02-25,2023,2,25
10691817163490173938,2023-02-26,2023,2,26
8479830189719801803,2023-02-27,2023,2,27
4698259837532979675,2023-02-28,2023,2,28
889234618851149602,2023-03-01,2023,3,1
1805927138732864901,2023-03-02,2023,3,2
5522995270507278643,2023-03-03,2023,3,3
3059915675778555331,2023-03-04,2023,3,4
13172441026412732755,2023-03-05,2023,3,5
8845635903604123234,2023-03-06,2023,3,6
18032726798441737684,2023-03-07,2023,3,7
10654894063657471834,2023-03-08,2023,3,8
16452414304832417134,2023-03-09,2023,3,9
16282493653463201224,2023-03-10,2023,3,10
282352030795834033,2023-03-11,2023,3,11
10733317637051630527,2023-03-12,2023,3,12
3034083662246060978,2023-03-13,2023,3,13
3412190899886149182,2023-03-14,2023,3,14
4315396649347633589,2023-03-15,2023,3,15
1623385753234041226,2023-03-16,2023,3,16
6424864313257803139,2023-03-17,2023,3,17
17528930480235035691,2023-03-18,2023,3,18
17998890595234366659,2023-03-19,2023,3,19
17731811608125272997,2023-03-20,2023,3,20
3304752801759548187,2023-03-21,2023,3,21
10357508761432318467,2023-03-22,2023,3,22
11662692338708421553,2023-03-23,2023,3,23
15171004895353457767,2023-03-24,2023,3,24
11015460303238890603,2023-03-25,2023,3,25
1163458269813675115,2023-03-26,2023,3,26
6694237842215152837,2023-03-27,2023,3,27
15870370056991054180,2023-03-28,2023,3,28
13593596138290815826,2023-03-29,2023,3,29
9409266611369707307,2023-03-30,2023,3,30
569656889564187559,2023-03-31,2023,3,31
14646687867903846669,2023-04-01,2023,4,1
1292133922659108383,2023-04-02,2023,4,2
1433831002436776325,2023-04-03,2023,4,3
841192742298924933,2023-04-04,2023,4,4
16869469997307769460,2023-04-05,2023,4,5
12649370390328826219,2023-04-06,2023,4,6
775062681842966397,2023-04-07,2023,4,7
15016531726602982248,2023-04-08,2023,4,8
15715229148188593810,2023-04-09,2023,4,9
8263346312478537593,2023-04-10,2023,4,10
11788170455272772320,2023-04-11,2023,4,11
9338709983769039389,2023-04-12,2023,4,12
7603598704502138241,2023-04-13,2023,4,13
6272619759826488066,2023-04-14,2023,4,14
380176993285221998,2023-04-15,2023,4,15
12435348491666534424,2023-04-16,2023,4,16
9527940206857666938,2023-04-17,2023,4,17
18101326221909383321,2023-04-18,2023,4,18
11842117050385613226,2023-04-19,2023,4,19
4080553821626193507,2023-04-20,2023,4,20
11049269216382455495,2023-04-21,2023,4,21
10005456381755330111,2023-04-22,2023,4,22
10632977467067898984,2023-04-23,2023,4,23
1558090275025458084,2023-04-24,2023,4,24
12540465502136107733,2023-04-25,2023,4,25
10090715050437097334,2023-04-26,2023,4,26
15645680676756916650,2023-04-27,2023,4,27
12807561009146895512,2023-04-28,2023,4,28
6233689017939893299,2023-04-29,2023,4,29
9995070683139717784,2023-04-30,2023,4,30
2820134665080232491,2023-05-01,2023,5,1
11673626249742341726,2023-05-02,2023,5,2
9004479041557635131,2023-05-03,2023,5,3
11453773934370131574,2023-05-04,2023,5,4
4075921944805980129,2023-05-05,2023,5,5
14447561731720089200,2023-05-06,2023,5,6
15560507334226848845,2023-05-07,2023,5,7
3946040291605707748,2023-05-08,2023,5,8
3648129269299753822,2023-05-09,2023,5,9
7616368002979221244,2023-05-10,2023,5,10
11453050684449769659,2023-05-11,2023,5,11
187848161086804000,2023-05-12,2023,5,12
13967523034501419605,2023-05-13,2023,5,13
8398091904970797712,2023-05-14,2023,5,14
17561120817886523566,2023-05-15,2023,5,15
4149117755019437773,2023-05-16,2023,5,16
15211861246657091521,2023-05-17,2023,5,17
17520107731757010013,2023-05-18,2023,5,18
5627222155931723375,2023-05-19,2023,5,19
8731922577685942074,2023-05-20,2023,5,20
7846202522183873916,2023-05-21,2023,5,21
13302828106059585102,2023-05-22,2023,5,22
7536114069291102134,2023-05-23,2023,5,23
15758093564626160915,2023-05-24,2023,5,24
917984854597793677,2023-05-25,2023,5,25
16011428092592319445,2023-05-26,2023,5,26
13528372786705517473,2023-05-27,2023,5,27
4291801653945080551,2023-05-28,2023,5,28
12177041179228431136,2023-05-29,2023,5,29
14196045751062302434,2023-05-30,2023,5,30
4540842907950313432,2023-05-31,2023,5,31
17041141548492178777,2023-06-01,2023,6,1
5856148191164145094,2023-06-02,2023,6,2
1349161499810793882,2023-06-03,2023,6,3
6697171762255653617,2023-06-04,2023,6,4
15780087745373021267,2023-06-05,2023,6,5
308831421053292625,2023-06-06,2023,6,6
1607094251700979891,2023-06-07,2023,6,7
5692508255167586554,2023-06-08,2023,6,8
2409910287853267843,2023-06-09,2023,6,9
18035757178338641113,2023-06-10,2023,6,10
6177247439509115899,2023-06-11,2023,6,11
6245755385215434926,2023-06-12,2023,6,12
17218095705541634176,2023-06-13,2023,6,13
14081849885439329089,2023-06-14,2023,6,14
10249962048688397619,2023-06-15,2023,6,15
17929166525643229195,2023-06-16,2023,6,16
12792040775658117980,2023-06-17,2023,6,17
4683001361820162067,2023-06-18,2023,6,18
9695858433521936279,2023-06-19,2023,6,19
10985922141811218432,2023-06-20,2023,6,20
15041492373583677768,2023-06-21,2023,6,21
14672393677554305097,2023-06-22,2023,6,22
5334051958126851369,2023-06-23,2023,6,23
6993804949044998614,2023-06-24,2023,6,24
4498917675580603275,2023-06-25,2023,6,25
6036873873040604612,2023-06-26,2023,6,26
7927599716537460594,2023-06-27,2023,6,27
15492823604778016949,2023-06-28,2023,6,28
3566785757583946983,2023-06-29,2023,6,29
12614226058387955955,2023-06-30,2023,6,30
3382214612712243124,2023-07-01,2023,7,1
13699336307038132843,2023-07-02,2023,7,2
7932484551879400572,2023-07-03,2023,7,3
3072098665714389009,2023-07-04,2023,7,4
5239429964541114961,2023-07-05,2023,7,5
16463584990409863632,2023-07-06,2023,7,6
16807264221355046552,2023-07-07,2023,7,7
9651084959113748533,2023-07-08,2023,7,8
10015228402718940681,2023-07-09,2023,7,9
4553615298838632694,2023-07-10,2023,7,10
17977150238175838567,2023-07-11,2023,7,11
3380160364365916100,2023-07-12,2023,7,12
10793618941447079916,2023-07-13,2023,7,13
15864153278112720777,2023-07-14,2023,7,14
12143240819321218125,2023-07-15,2023,7,15
12206611766381035169,2023-07-16,2023,7,16
3657635957243801333,2023-07-17,2023,7,17
7454462573165054001,2023-07-18,2023,7,18
4830395180248083425,2023-07-19,2023,7,19
15482086433407453347,2023-07-20,2023,7,20
8730495213049003245,2023-07-21,2023,7,21
13691811305809803934,2023-07-22,2023,7,22
10453589757664719899,2023-07-23,2023,7,23
3243217902423568956,2023-07-24,2023,7,24
7654520588211326941,2023-07-25,2023,7,25
17699271702553761694,2023-07-26,2023,7,26
9637937280400191063,2023-07-27,2023,7,27
9826605921878324906,2023-07-28,2023,7,28
5921617108877422934,2023-07-29,2023,7,29
9703383891394734199,2023-07-30,2023,7,30
4645298443122686196,2023-07-31,2023,7,31
10247130092472891888,2023-08-01,2023,8,1
17804652446615690805,2023-08-02,2023,8,2
5070011789931085039,2023-08-03,2023,8,3
15358095700680575282,2023-08-04,2023,8,4
14842447262375231395,2023-08-05,2023,8,5
15434728134590493482,2023-08-06,2023,8,6
2015041887915041130,2023-08-07,2023,8,7
1459326581263573927,2023-08-08,2023,8,8
13246562624179286527,2023-08-09,2023,8,9
13305301963814357446,2023-08-10,2023,8,10
12736706316349699902,2023-08-11,2023,8,11
4800331582470170930,2023-08-12,2023,8,12
14013693673864810690,2023-08-13,2023,8,13
16497441793744200156,2023-08-14,2023,8,14
4269464373232812488,2023-08-15,2023,8,15
13315402212757267613,2023-08-16,2023,8,16
6944762898436543342,2023-08-17,2023,8,17
11250893169339322246,2023-08-18,2023,8,18
15825763623842885897,2023-08-19,2023,8,19
7191584794053273069,2023-08-20,2023,8,20
5298724846674560723,2023-08-21,2023,8,21
10909941322459509905,2023-08-22,2023,8,22
13630950541449960802,2023-08-23,2023,8,23
14342852609242504501,2023-08-24,2023,8,24
5813235918006624075,2023-08-25,2023,8,25
6055199089875051047,2023-08-26,2023,8,26
15395868437922324212,2023-08-27,2023,8,27
4180037526092809730,2023-08-28,2023,8,28
6716102489751055393,2023-08-29,2023,8,29
554342056419987816,2023-08-30,2023,8,30
8427649532575172355,2023-08-31,2023,8,31
3339481661348393112,2023-09-01,2023,9,1
4209294690743380501,2023-09-02,2023,9,2
10278427988514164464,2023-09-03,2023,9,3
5976603632098273457,2023-09-04,2023,9,4
1182506307283540364,2023-09-05,2023,9,5
14606694482495294980,2023-09-06,2023,9,6
4348865635549685297,2023-09-07,2023,9,7
5766178112991846758,2023-09-08,2023,9,8
8091145482856769943,2023-09-09,2023,9,9
8128836789165814535,2023-09-10,2023,9,10
5922920415363282892,2023-09-11,2023,9,11
16877574214767644837,2023-09-12,2023,9,12
16290983272068480966,2023-09-13,2023,9,13
2085885664693131970,2023-09-14,2023,9,14
1376355241378284794,2023-09-15,2023,9,15
3349285665901592461,2023-09-16,2023,9,16
18375155591733437540,2023-09-17,2023,9,17
16563836823707632381,2023-09-18,2023,9,18
13370395791290477364,2023-09-19,2023,9,19
17676287746288238449,2023-09-20,2023,9,20
12509745032846329835,2023-09-21,2023,9,21
6224330631127035039,2023-09-22,2023,9,22
5113036004302422185,2023-09-23,2023,9,23
3144345925441771418,2023-09-24,2023,9,24
10592813622364527421,2023-09-25,2023,9,25
2286898575458288541,2023-09-26,2023,9,26
16930266467859488008,2023-09-27,2023,9,27
11970328724402322958,2023-09-28,2023,9,28
6073156427643501656,2023-09-29,2023,9,29
11339440541766688034,2023-09-30,2023,9,30
12067143798152586575,2023-10-01,2023,10,1
18098918208405272319,2023-10-02,2023,10,2
10515104283592679060,2023-10-03,2023,10,3
13643049180431294492,2023-10-04,2023,10,4
12268379248297839665,2023-10-05,2023,10,5
12235156710083888575,2023-10-06,2023,10,6
14572972004170111236,2023-10-07,2023,10,7
4254118188759693511,2023-10-08,2023,10,8
7245506373417508146,2023-10-09,2023,10,9
3340025137116380565,2023-10-10,2023,10,10
10109653742842952852,2023-10-11,2023,10,11
18119541287561339333,2023-10-12,2023,10,12
5465262024778180952,2023-10-13,2023,10,13
9784716686408596547,2023-10-14,2023,10,14
1033472356215696567,2023-10-15,2023,10,15
7805039443790832404,2023-10-16,2023,10,16
7150737055145952864,2023-10-17,2023,10,17
8868786083397700306,2023-10-18,2023,10,18
14439306901827531592,2023-10-19,2023,10,19
5008431392830881659,2023-10-20,2023,10,20
1937810434942716184,2023-10-21,2023,10,21
233718223337853604,2023-10-22,2023,10,22
10777626449677350745,2023-10-23,2023,10,23
11495866515250561211,2023-10-24,2023,10,24
653804109392469819,2023-10-25,2023,10,25
9675467775177109530,2023-10-26,2023,10,26
18066281612751096955,2023-10-27,2023,10,27
12158679678275327066,2023-10-28,2023,10,28
6736965612445307175,2023-10-29,2023,10,29
3356449524798001994,2023-10-30,2023,10,30
3098372280669406637,2023-10-31,2023,10,31
15320463818005190486,2023-11-01,2023,11,1
15037240555185613128,2023-11-02,2023,11,2
14544061109500271150,2023-11-03,2023,11,3
10439191024108485761,2023-11-04,2023,11,4
17179547547962813729,2023-11-05,2023,11,5
10593845855680474621,2023-11-06,2023,11,6
10271926089636350231,2023-11-07,2023,11,7
14339719516464410064,2023-11-08,2023,11,8
3756228347905501860,2023-11-09,2023,11,9
6224017892573348362,2023-11-10,2023,11,10
373637086362074383,2023-11-11,2023,11,11
12661332271673316287,2023-11-12,2023,11,12
15541323847403260185,2023-11-13,2023,11,13
758867928673281084,2023-11-14,2023,11,14
4826883075417826688,2023-11-15,2023,11,15
13343147217419010577,2023-11-16,2023,11,16
17783108380663503415,2023-11-17,2023,11,17
10701897789548274137,2023-11-18,2023,11,18
1067926561613759515,2023-11-19,2023,11,19
8630520279261129182,2023-11-20,2023,11,20
12659007759241423431,2023-11-21,2023,11,21
11681034031485198730,2023-11-22,2023,11,22
8163045344079288839,2023-11-23,2023,11,23
3860240061478024980,2023-11-24,2023,11,24
11081667601920709432,2023-11-25,2023,11,25
18272874320662758319,2023-11-26,2023,11,26
16767000045666612865,2023-11-27,2023,11,27
8930758751446034727,2023-11-28,2023,11,28
11682710838815948907,2023-11-29,2023,11,29
3983089474186516367,2023-11-30,2023,11,30
9203398799851928759,2023-12-01,2023,12,1
1871524302293853276,2023-12-02,2023,12,2
4469636405518917091,2023-12-03,2023,12,3
1869998048273883493,2023-12-04,2023,12,4
1161606892598272436,2023-12-05,2023,12,5
2514166851342381528,2023-12-06,2023,12,6
9917449846948618509,2023-12-07,2023,12,7
3954205300603002453,2023-12-08,2023,12,8
3003153044698985459,2023-12-09,2023,12,9
4973914502920665720,2023-12-10,2023,12,10
3820787273867584351,2023-12-11,2023,12,11
15803798398508547599,2023-12-12,2023,12,12
7702160010538172515,2023-12-13,2023,12,13
9028307681772425299,2023-12-14,2023,12,14
6719352515230836915,2023-12-15,2023,12,15
4080675663386557928,2023-12-16,2023,12,16
4466375642766255860,2023-12-17,2023,12,17
5044663172879523038,2023-12-18,2023,12,18
16986449174984899201,2023-12-19,2023,12,19
9139954621289349843,2023-12-20,2023,12,20
3580678422125104917,2023-12-21,2023,12,21
6441533156349928711,2023-12-22,2023,12,22
15874731943491588324,2023-12-23,2023,12,23
9462566794192214490,2023-12-24,2023,12,24
6402030510416126495,2023-12-25,2023,12,25
11164338739900752338,2023-12-26,2023,12,26
10147301395975805808,2023-12-27,2023,12,27
18398553499503818678,2023-12-28,2023,12,28
17683739486474110738,2023-12-29,2023,12,29
1086789466839001044,2023-12-30,2023,12,30
11874777888782217252,2023-12-31,2023,12,31
10311445878270675214,2024-01-01,2024,1,1
2078775228629692235,2024-01-02,2024,1,2
15742751952002138997,2024-01-03,2024,1,3
3470021458713930907,2024-01-04,2024,1,4
17214295648001929588,2024-01-05,2024,1,5
13809933609748326496,2024-01-06,2024,1,6
12493557141777872716,2024-01-07,2024,1,7
5939365848911575568,2024-01-08,2024,1,8
5619617729475460698,2024-01-09,2024,1,9
17107016160634915184,2024-01-10,2024,1,10
12302387340054362261,2024-01-11,2024,1,11
10710300031134818766,2024-01-12,2024,1,12
4255828096598422321,2024-01-13,2024,1,13
10165752050498804041,2024-01-14,2024,1,14
2543152763996550733,2024-01-15,2024,1,15
10309517332056382717,2024-01-16,2024,1,16
3569319184652176908,2024-01-17,2024,1,17
10248269348623332555,2024-01-18,2024,1,18
3630959186021441258,2024-01-19,2024,1,19
9806220905412140662,2024-01-20,2024,1,20
13137657654493329220,2024-01-21,2024,1,21
3208701060743625631,2024-01-22,2024,1,22
12371934147396187043,2024-01-23,2024,1,23
1325511718844454207,2024-01-24,2024,1,24
10162040783264158671,2024-01-25,2024,1,25
16560144414429826747,2024-01-26,2024,1,26
10685181371175795456,2024-01-27,2024,1,27
16567492541022938682,2024-01-28,2024,1,28
17873225307251827095,2024-01-29,2024,1,29
5059394529948915825,2024-01-30,2024,1,30
3713145322011368082,2024-01-31,2024,1,31
7331023018216348379,2024-02-01,2024,2,1
779437416255322565,2024-02-02,2024,2,2
17855160868140721417,2024-02-03,2024,2,3
5649683963716460190,2024-02-04,2024,2,4
5478774603219316717,2024-02-05,2024,2,5
6035578423304941116,2024-02-06,2024,2,6
15343191173132452722,2024-02-07,2024,2,7
15399096445145977584,2024-02-08,2024,2,8
9149208376121338353,2024-02-09,2024,2,9
11126485911401957395,2024-02-10,2024,2,10
10188707152474373453,2024-02-11,2024,2,11
105182030089450818,2024-02-12,2024,2,12
2798353997825351929,2024-02-13,2024,2,13
2355739997188247245,2024-02-14,2024,2,14
4199009116240632064,2024-02-15,2024,2,15
7938176308350341715,2024-02-16,2024,2,16
13294238875534725014,2024-02-17,2024,2,17
11598919083938514700,2024-02-18,2024,2,18
6453970202604392171,2024-02-19,2024,2,19
18030095418519855995,2024-02-20,2024,2,20
12617847814531675156,2024-02-21,2024,2,21
18155364914896965557,2024-02-22,2024,2,22
7923873056594209235,2024-02-23,2024,2,23
15868523556274708024,2024-02-24,2024,2,24
2778064987725714658,2024-02-25,2024,2,25
3218314160228412441,2024-02-26,2024,2,26
7340749583276605844,2024-02-27,2024,2,27
4086527076264578182,2024-02-28,2024,2,28
2715354714350355197,2024-02-29,2024,2,29
14611823454689719167,2024-03-01,2024,3,1
801311076914736841,2024-03-02,2024,3,2
3623160851340544145,2024-03-03,2024,3,3
6040360235716426727,2024-03-04,2024,3,4
14989395002322840902,2024-03-05,2024,3,5
14280977128717933847,2024-03-06,2024,3,6
468099805851235994,2024-03-07,2024,3,7
8929087863457718555,2024-03-08,2024,3,8
14131928620773437944,2024-03-09,2024,3,9
12587556331034731738,2024-03-10,2024,3,10
1402362517091266291,2024-03-11,2024,3,11
9107818320034918921,2024-03-12,2024,3,12
7300748855343467623,2024-03-13,2024,3,13
9965057707324774578,2024-03-14,2024,3,14
8691365676923670658,2024-03-15,2024,3,15
16900458152251534276,2024-03-16,2024,3,16
12319220757923512326,2024-03-17,2024,3,17
10275278517055899961,2024-03-18,2024,3,18
12738688000462967260,2024-03-19,2024,3,19
4206019578843559209,2024-03-20,2024,3,20
8894135940975806375,2024-03-21,2024,3,21
16844809837433493368,2024-03-22,2024,3,22
15863490771109528987,2024-03-23,2024,3,23
8761319543108328585,2024-03-24,2024,3,24
1737816028542058941,2024-03-25,2024,3,25
3115247031297985284,2024-03-26,2024,3,26
2140341681950051735,2024-03-27,2024,3,27
5339314393934620854,2024-03-28,2024,3,28
6153132376530377400,2024-03-29,2024,3,29
14646773264718197229,2024-03-30,2024,3,30
8208502549375567854,2024-03-31,2024,3,31
15820615089222840984,2024-04-01,2024,4,1
7369146899379291678,2024-04-02,2024,4,2
10571667998427298669,2024-04-03,2024,4,3
12538435747832477135,2024-04-04,2024,4,4
14365802188236806634,2024-04-05,2024,4,5
14154700001815973016,2024-04-06,2024,4,6
14613180473184404048,2024-04-07,2024,4,7
9226730764182186945,2024-04-08,2024,4,8
12069089263535403332,2024-04-09,2024,4,9
16047234390262901083,2024-04-10,2024,4,10
16949010751436779744,2024-04-11,2024,4,11
4382357119812252605,2024-04-12,2024,4,12
12494681158084056424,2024-04-13,2024,4,13
12567993935892504092,2024-04-14,2024,4,14
1854048236923146881,2024-04-15,2024,4,15
10364228545691361547,2024-04-16,2024,4,16
1175694756936537263,2024-04-17,2024,4,17
6566995719124164149,2024-04-18,2024,4,18
5155765221437920493,2024-04-19,2024,4,19
1817613692063920066,2024-04-20,2024,4,20
5684302936192385473,2024-04-21,2024,4,21
12218336209906408015,2024-04-22,2024,4,22
6416460159626495374,2024-04-23,2024,4,23
9937942657246133637,2024-04-24,2024,4,24
11532183980586123100,2024-04-25,2024,4,25
1604460174570575205,2024-04-26,2024,4,26
15201796761430528446,2024-04-27,2024,4,27
792650853634240474,2024-04-28,2024,4,28
14382328409930070397,2024-04-29,2024,4,29
15573108798336693390,2024-04-30,2024,4,30
8687177978089960380,2024-05-01,2024,5,1
14512636437560389733,2024-05-02,2024,5,2
7335036896526400879,2024-05-03,2024,5,3
10932823115596562154,2024-05-04,2024,5,4
7920851418813601950,2024-05-05,2024,5,5
11560338758135656717,2024-05-06,2024,5,6
6376938845379816805,2024-05-07,2024,5,7
14538577961864312240,2024-05-08,2024,5,8
2616094370532416868,2024-05-09,2024,5,9
1913461533594314629,2024-05-10,2024,5,10
13812992539193004252,2024-05-11,2024,5,11
4452252010070642203,2024-05-12,2024,5,12
1761996290634332990,2024-05-13,2024,5,13
2107141253526375830,2024-05-14,2024,5,14
11428842343479475794,2024-05-15,2024,5,15
8314018861551776084,2024-05-16,2024,5,16
8549605779858085037,2024-05-17,2024,5,17
12993444879744930589,2024-05-18,2024,5,18
12286487292321691013,2024-05-19,2024,5,19
8009421818595307478,2024-05-20,2024,5,20
9005577911325842057,2024-05-21,2024,5,21
10650961764002130116,2024-05-22,2024,5,22
191906922511219657,2024-05-23,2024,5,23
8585091298088511582,2024-05-24,2024,5,24
15793973942343999581,2024-05-25,2024,5,25
13569989726815192815,2024-05-26,2024,5,26
2229714627499595791,2024-05-27,2024,5,27
15053040277169364611,2024-05-28,2024,5,28
12784165112562781717,2024-05-29,2024,5,29
5114991630237533223,2024-05-30,2024,5,30
12035157269278251606,2024-05-31,2024,5,31
4195978707857892535,2024-06-01,2024,6,1
10820911619009094392,2024-06-02,2024,6,2
10881195545560383392,2024-06-03,2024,6,3
12043058688650904937,2024-06-04,2024,6,4
8416749610867644899,2024-06-05,2024,6,5
2807083080129029955,2024-06-06,2024,6,6
3940173139665048455,2024-06-07,2024,6,7
1232172761023112442,2024-06-08,2024,6,8
10311600707021096311,2024-06-09,2024,6,9
16000425302346306884,2024-06-10,2024,6,10
12780726708534832021,2024-06-11,2024,6,11
17780912762825105561,2024-06-12,2024,6,12
10988657792430819926,2024-06-13,2024,6,13
6270230398457188991,2024-06-14,2024,6,14
7059402032196621252,2024-06-15,2024,6,15
7615284712881078115,2024-06-16,2024,6,16
18223712971639265581,2024-06-17,2024,6,17
18215733100583854134,2024-06-18,2024,6,18
2499425823715599106,2024-06-19,2024,6,19
2134097612325417461,2024-06-20,2024,6,20
6025008369388269034,2024-06-21,2024,6,21
7155656722651720479,2024-06-22,2024,6,22
15389694906073188573,2024-06-23,2024,6,23
2468734147980176647,2024-06-24,2024,6,24
9061263085574297651,2024-06-25,2024,6,25
6788033931415269936,2024-06-26,2024,6,26
4892096833910327779,2024-06-27,2024,6,27
18352041997968860109,2024-06-28,2024,6,28
13218046302703199222,2024-06-29,2024,6,29
7416340766183974364,2024-06-30,2024,6,30
4449607537772247305,2024-07-01,2024,7,1
11481370233919181083,2024-07-02,2024,7,2
11816497071419186285,2024-07-03,2024,7,3
4253981770168724081,2024-07-04,2024,7,4
17696270333187801287,2024-07-05,2024,7,5
18173199796090612187,2024-07-06,2024,7,6
2334266398211717286,2024-07-07,2024,7,7
881162807014632147,2024-07-08,2024,7,8
15897686683987352816,2024-07-09,2024,7,9
6585382240167656192,2024-07-10,2024,7,10
17717840385798314839,2024-07-11,2024,7,11
8910805960460291175,2024-07-12,2024,7,12
360435141644796462,2024-07-13,2024,7,13
14733298907831147457,2024-07-14,2024,7,14
7724504323449469553,2024-07-15,2024,7,15
11179928172815244495,2024-07-16,2024,7,16
17911513307327799858,2024-07-17,2024,7,17
1365417938440974780,2024-07-18,2024,7,18
5114153107743449074,2024-07-19,2024,7,19
5716652686910758366,2024-07-20,2024,7,20
13439721804384868846,2024-07-21,2024,7,21
3299026106420249318,2024-07-22,2024,7,22
15087397511825324870,2024-07-23,2024,7,23
3719085641963399905,2024-07-24,2024,7,24
5492081844163437645,2024-07-25,2024,7,25
11459704197146729040,2024-07-26,2024,7,26
5434413105098804902,2024-07-27,2024,7,27
5290236786593563893,2024-07-28,2024,7,28
3778852144662498905,2024-07-29,2024,7,29
12637087782642492957,2024-07-30,2024,7,30
13352862942148882479,2024-07-31,2024,7,31
12737502083132930585,2024-08-01,2024,8,1
14244734896081638967,2024-08-02,2024,8,2
4014819233278337983,2024-08-03,2024,8,3
5117574811415032664,2024-08-04,2024,8,4
15590467220146064992,2024-08-05,2024,8,5
907151717078680454,2024-08-06,2024,8,6
166278981462618423,2024-08-07,2024,8,7
5073750253977397953,2024-08-08,2024,8,8
7500056798237102624,2024-08-09,2024,8,9
7437596023418454828,2024-08-10,2024,8,10
6271493350626958578,2024-08-11,2024,8,11
15561140185313071340,2024-08-12,2024,8,12
6361479217511933351,2024-08-13,2024,8,13
1383179316358805042,2024-08-14,2024,8,14
14864483886843247515,2024-08-15,2024,8,15
15227384485542777276,2024-08-16,2024,8,16
13807605769343633570,2024-08-17,2024,8,17
16361539001728474792,2024-08-18,2024,8,18
3591206441246057357,2024-08-19,2024,8,19
4615059792006837642,2024-08-20,2024,8,20
11721883080626782187,2024-08-21,2024,8,21
1429857736046743627,2024-08-22,2024,8,22
16936256301689566976,2024-08-23,2024,8,23
17504831785871111432,2024-08-24,2024,8,24
1514397318002180136,2024-08-25,2024,8,25
563010186443804534,2024-08-26,2024,8,26
3973356473871400772,2024-08-27,2024,8,27
7398784223533514223,2024-08-28,2024,8,28
5712549127244299792,2024-08-29,2024,8,29
8344133227941925482,2024-08-30,2024,8,30
13038436960780258550,2024-08-31,2024,8,31
11344849075495191203,2024-09-01,2024,9,1
14115643005270097810,2024-09-02,2024,9,2
3526265534167292468,2024-09-03,2024,9,3
11419936088599967154,2024-09-04,2024,9,4
15920981966824434131,2024-09-05,2024,9,5
7998715653173077745,2024-09-06,2024,9,6
10910999287764960054,2024-09-07,2024,9,7
1791871626020321841,2024-09-08,2024,9,8
314131671350350298,2024-09-09,2024,9,9
3469975780242740056,2024-09-10,2024,9,10
9164537104298210854,2024-09-11,2024,9,11
1706119809093610230,2024-09-12,2024,9,12
8536154192357884387,2024-09-13,2024,9,13
8868109618960004657,2024-09-14,2024,9,14
13950677498403428959,2024-09-15,2024,9,15
6530911366586663060,2024-09-16,2024,9,16
1923690483646619484,2024-09-17,2024,9,17
10551499950414416325,2024-09-18,2024,9,18
3212829532460360437,2024-09-19,2024,9,19
8673055727481726115,2024-09-20,2024,9,20
14037787378974083839,2024-09-21,2024,9,21
12697552288644670915,2024-09-22,2024,9,22
17739892828887553051,2024-09-23,2024,9,23
9247374468894454328,2024-09-24,2024,9,24
5052496812585044226,2024-09-25,2024,9,25
5988309394941915356,2024-09-26,2024,9,26
11442650313723595487,2024-09-27,2024,9,27
194079970858504918,2024-09-28,2024,9,28
10587444821711812806,2024-09-29,2024,9,29
6728122512325888200,2024-09-30,2024,9,30
2491516264474646882,2024-10-01,2024,10,1
14617881524785959630,2024-10-02,2024,10,2
2939912695324248055,2024-10-03,2024,10,3
6303047209720448900,2024-10-04,2024,10,4
11853421807277086191,2024-10-05,2024,10,5
6378148985804891735,2024-10-06,2024,10,6
13540467142070518667,2024-10-07,2024,10,7
10634367180035994614,2024-10-08,2024,10,8
3549000352743494992,2024-10-09,2024,10,9
2177622562749031878,2024-10-10,2024,10,10
11460359037265754253,2024-10-11,2024,10,11
8489845122163348416,2024-10-12,2024,10,12
6317820122524460674,2024-10-13,2024,10,13
715714742804996048,2024-10-14,2024,10,14
14747760517387479105,2024-10-15,2024,10,15
11153464987909094984,2024-10-16,2024,10,16
10103307933477083259,2024-10-17,2024,10,17
11224163284016589804,2024-10-18,2024,10,18
12271484386002070326,2024-10-19,2024,10,19
17579662974112816994,2024-10-20,2024,10,20
3648656209457620305,2024-10-21,2024,10,21
4358488551377793340,2024-10-22,2024,10,22
1754838033030753215,2024-10-23,2024,10,23
18188152730436464350,2024-10-24,2024,10,24
6677649446115174952,2024-10-25,2024,10,25
14508252632431274436,2024-10-26,2024,10,26
6335270109887808721,2024-10-27,2024,10,27
16594769182564129534,2024-10-28,2024,10,28
858035014188226029,2024-10-29,2024,10,29
14612160631242785834,2024-10-30,2024,10,30
1330505421390455567,2024-10-31,2024,10,31
1924529420027880564,2024-11-01,2024,11,1
10446343101308849550,2024-11-02,2024,11,2
14307767805343773150,2024-11-03,2024,11,3
15399619356431087346,2024-11-04,2024,11,4
18313571897959657642,2024-11-05,2024,11,5
18050540737614953615,2024-11-06,2024,11,6
6488827181921406381,2024-11-07,2024,11,7
8345605472428922789,2024-11-08,2024,11,8
6111799535010549808,2024-11-09,2024,11,9
11673025542584036696,2024-11-10,2024,11,10
17168708191198707533,2024-11-11,2024,11,11
8928490746795166571,2024-11-12,2024,11,12
2387034028257149966,2024-11-13,2024,11,13
12865100768534613506,2024-11-14,2024,11,14
11312860158653450397,2024-11-15,2024,11,15
14263410619552161155,2024-11-16,2024,11,16
15664724927906925068,2024-11-17,2024,11,17
5312181437796618466,2024-11-18,2024,11,18
12842546094697885953,2024-11-19,2024,11,19
11798043527916431710,2024-11-20,2024,11,20
621596378797742688,2024-11-21,2024,11,21
16368178023857620897,2024-11-22,2024,11,22
2384413585195471026,2024-11-23,2024,11,23
10559724744788425784,2024-11-24,2024,11,24
15579324797669021811,2024-11-25,2024,11,25
2940909280358915850,2024-11-26,2024,11,26
9877393105791189466,2024-11-27,2024,11,27
1872661179774869042,2024-11-28,2024,11,28
15510957149136640893,2024-11-29,2024,11,29
8335031554302282604,2024-11-30,2024,11,30
9893957187705938856,2024-12-01,2024,12,1
15674978942483728432,2024-12-02,2024,12,2
17990175466689470377,2024-12-03,2024,12,3
8193126498711522468,2024-12-04,2024,12,4
14515474044333630770,2024-12-05,2024,12,5
10163372735557889879,2024-12-06,2024,12,6
3156276977845882471,2024-12-07,2024,12,7
5606468768495316296,2024-12-08,2024,12,8
18297170071722120721,2024-12-09,2024,12,9
16594876773296619880,2024-12-10,2024,12,10
14442143322549940669,2024-12-11,2024,12,11
17981314481779415161,2024-12-12,2024,12,12
16605597427167161766,2024-12-13,2024,12,13
13600573560024564885,2024-12-14,2024,12,14
3181723446364018532,2024-12-15,2024,12,15
18284023498149557780,2024-12-16,2024,12,16
8092236333080390819,2024-12-17,2024,12,17
12106940420400403840,2024-12-18,2024,12,18
8321958811486547770,2024-12-19,2024,12,19
17768875294438762168,2024-12-20,2024,12,20
16142326076529922379,2024-12-21,2024,12,21
167098630707313784,2024-12-22,2024,12,22
17814251558579044660,2024-12-23,2024,12,23
15462763642029042281,2024-12-24,2024,12,24
6658467402513437079,2024-12-25,2024,12,25
721577127064378074,2024-12-26,2024,12,26
8814646095104775742,2024-12-27,2024,12,27
312124829533365739,2024-12-28,2024,12,28
5892783558121124109,2024-12-29,2024,12,29
16259058490319949110,2024-12-30,2024,12,30
13272495035610718670,2024-12-31,2024,12,31
9209989097148487857,2025-01-01,2025,1,1
9928221451158733301,2025-01-02,2025,1,2
6758241060332719498,2025-01-03,2025,1,3
5383299104697344145,2025-01-04,2025,1,4
29837660851482461,2025-01-05,2025,1,5
8541057336329196290,2025-01-06,2025,1,6
4453255671012477093,2025-01-07,2025,1,7
16942975843625065441,2025-01-08,2025,1,8
8571156128226754637,2025-01-09,2025,1,9
12182338512877806048,2025-01-10,2025,1,10
6702162970143999314,2025-01-11,2025,1,11
13106165014626572335,2025-01-12,2025,1,12
2765191766953389281,2025-01-13,2025,1,13
15802878652107356378,2025-01-14,2025,1,14
7603466631427649884,2025-01-15,2025,1,15
14306846823402501484,2025-01-16,2025,1,16
8676665329362309277,2025-01-17,2025,1,17
16222510252006461376,2025-01-18,2025,1,18
4911079655515163724,2025-01-19,2025,1,19
4363301573344321075,2025-01-20,2025,1,20
9147299258051570761,2025-01-21,2025,1,21
11728883031580562721,2025-01-22,2025,1,22
7257832623947057262,2025-01-23,2025,1,23
9815732457429361736,2025-01-24,2025,1,24
9794651333903112685,2025-01-25,2025,1,25
16195356227964568458,2025-01-26,2025,1,26
9521654828330332260,2025-01-27,2025,1,27
2829021267403681422,2025-01-28,2025,1,28
18340121571642032824,2025-01-29,2025,1,29
9320107212087797808,2025-01-30,2025,1,30
815452140556643396,2025-01-31,2025,1,31
7581645271241237799,2025-02-01,2025,2,1
13463141434226196962,2025-02-02,2025,2,2
10156967874676927251,2025-02-03,2025,2,3
16418165492342560494,2025-02-04,2025,2,4
14619078695459009784,2025-02-05,2025,2,5
14686359642379864786,2025-02-06,2025,2,6
4512745999411523564,2025-02-07,2025,2,7
10511271254074315565,2025-02-08,2025,2,8
1302437664666250567,2025-02-09,2025,2,9
6563625743423456610,2025-02-10,2025,2,10
2909826029527350733,2025-02-11,2025,2,11
2957671843627201233,2025-02-12,2025,2,12
18324968325252401726,2025-02-13,2025,2,13
2922692155994107758,2025-02-14,2025,2,14
13856327777282972302,2025-02-15,2025,2,15
14986449858421102688,2025-02-16,2025,2,16
8369319549637179323,2025-02-17,2025,2,17
9439794509618904512,2025-02-18,2025,2,18
13962696330778005680,2025-02-19,2025,2,19
7422303197268259521,2025-02-20,2025,2,20
1379938527781292169,2025-02-21,2025,2,21
17204033928060068562,2025-02-22,2025,2,22
4975547293412980052,2025-02-23,2025,2,23
559062583384055127,2025-02-24,2025,2,24
9852987425097855368,2025-02-25,2025,2,25
14652793223731162129,2025-02-26,2025,2,26
7306118041630543813,2025-02-27,2025,2,27
17896831227953301702,2025-02-28,2025,2,28
12457554076448341452,2025-03-01,2025,3,1
15735319127675449859,2025-03-02,2025,3,2
2677722878950619452,2025-03-03,2025,3,3
8409400930943853800,2025-03-04,2025,3,4
561293749383862467,2025-03-05,2025,3,5
1324758080252177418,2025-03-06,2025,3,6
3858743655607392401,2025-03-07,2025,3,7
14427785367370915188,2025-03-08,2025,3,8
12164911013641637693,2025-03-09,2025,3,9
6005474372714050407,2025-03-10,2025,3,10
17193664151680428030,2025-03-11,2025,3,11
17832925045936777065,2025-03-12,2025,3,12
11107703943316465974,2025-03-13,2025,3,13
3132334285438081311,2025-03-14,2025,3,14
11963901734590969312,2025-03-15,2025,3,15
5716363148791561372,2025-03-16,2025,3,16
1662011066501724901,2025-03-17,2025,3,17
3542016902647254664,2025-03-18,2025,3,18
11502520203370998159,2025-03-19,2025,3,19
5270415490048967315,2025-03-20,2025,3,20
16969515602699596989,2025-03-21,2025,3,21
16915178253482613811,2025-03-22,2025,3,22
12990961853749298598,2025-03-23,2025,3,23
4371598538711584131,2025-03-24,2025,3,24
17065675173035632525,2025-03-25,2025,3,25
8719666047341278664,2025-03-26,2025,3,26
4954155561717744408,2025-03-27,2025,3,27
3413125784477429962,2025-03-28,2025,3,28
14455558892780213488,2025-03-29,2025,3,29
11769745542300483839,2025-03-30,2025,3,30
7675361286847473241,2025-03-31,2025,3,31
117081566646943222,2025-04-01,2025,4,1
14811117274136016144,2025-04-02,2025,4,2
5307573658229374391,2025-04-03,2025,4,3
6011340100965228117,2025-04-04,2025,4,4
18008272283544018586,2025-04-05,2025,4,5
4551355465781063232,2025-04-06,2025,4,6
12774222590611834043,2025-04-07,2025,4,7
14837199621139797220,2025-04-08,2025,4,8
14433309028481817743,2025-04-09,2025,4,9
2032153605718230822,2025-04-10,2025,4,10
1998330398338968962,2025-04-11,2025,4,11
3439465655920901415,2025-04-12,2025,4,12
1013723253339217513,2025-04-13,2025,4,13
5276593314001906102,2025-04-14,2025,4,14
7651631930071776272,2025-04-15,2025,4,15
139497198476774340,2025-04-16,2025,4,16
16836542103098778447,2025-04-17,2025,4,17
17300527899583668063,2025-04-18,2025,4,18
12649205675136278101,2025-04-19,2025,4,19
3522038882292405470,2025-04-20,2025,4,20
16569598283475927862,2025-04-21,2025,4,21
8445042930751946329,2025-04-22,2025,4,22
9329010568066119401,2025-04-23,2025,4,23
8162876294688945300,2025-04-24,2025,4,24
10605187152433694477,2025-04-25,2025,4,25
744626909931508010,2025-04-26,2025,4,26
12876550051288519216,2025-04-27,2025,4,27
15990018819159721661,2025-04-28,2025,4,28
3912015882407315394,2025-04-29,2025,4,29
17747441447654246140,2025-04-30,2025,4,30
12862983003231078160,2025-05-01,2025,5,1
17297853790167346081,2025-05-02,2025,5,2
5340210560238430956,2025-05-03,2025,5,3
7003802740540873519,2025-05-04,2025,5,4
3666700944419945322,2025-05-05,2025,5,5
17121136372164083751,2025-05-06,2025,5,6
8484135965768451996,2025-05-07,2025,5,7
9625597788816553310,2025-05-08,2025,5,8
8968317146089034341,2025-05-09,2025,5,9
17803399824718834260,2025-05-10,2025,5,10
7720201175905367564,2025-05-11,2025,5,11
4450796068764662959,2025-05-12,2025,5,12
9360173207973307222,2025-05-13,2025,5,13
14286599008869015971,2025-05-14,2025,5,14
6357517787583000054,2025-05-15,2025,5,15
18230049244391456351,2025-05-16,2025,5,16
11418313343104744111,2025-05-17,2025,5,17
16503243147376354123,2025-05-18,2025,5,18
8835344417540318008,2025-05-19,2025,5,19
5534752464926353837,2025-05-20,2025,5,20
13570967703232613675,2025-05-21,2025,5,21
13168608985665674169,2025-05-22,2025,5,22
3699148464049421221,2025-05-23,2025,5,23
16341613997127636879,2025-05-24,2025,5,24
14163297277066526931,2025-05-25,2025,5,25
518322242211363608,2025-05-26,2025,5,26
10719912071497481659,2025-05-27,2025,5,27
16775735369267453982,2025-05-28,2025,5,28
83194661700547640,2025-05-29,2025,5,29
16566580678333034461,2025-05-30,2025,5,30
5369366249299790273,2025-05-31,2025,5,31
14537978013224934674,2025-06-01,2025,6,1
5205237079533336399,2025-06-02,2025,6,2
11544654025029289610,2025-06-03,2025,6,3
949023042699949977,2025-06-04,2025,6,4
912915897144354491,2025-06-05,2025,6,5
7260952699799232578,2025-06-06,2025,6,6
9428398780902863522,2025-06-07,2025,6,7
1895462702586928405,2025-06-08,2025,6,8
342626652399822377,2025-06-09,2025,6,9
11466511077794538870,2025-06-10,2025,6,10
12054518018602145976,2025-06-11,2025,6,11
12210942577647928941,2025-06-12,2025,6,12
18419237961212810175,2025-06-13,2025,6,13
1204535653436099113,2025-06-14,2025,6,14
1650816846483788267,2025-06-15,2025,6,15
10277388642178453179,2025-06-16,2025,6,16
4765738864220574374,2025-06-17,2025,6,17
15546599754266310445,2025-06-18,2025,6,18
7408721591998042056,2025-06-19,2025,6,19
14737007882795564096,2025-06-20,2025,6,20
1845990229491058053,2025-06-21,2025,6,21
2791691432936170911,2025-06-22,2025,6,22
6252670821569288024,2025-06-23,2025,6,23
17528843077802015128,2025-06-24,2025,6,24
16137626865330334080,2025-06-25,2025,6,25
16866388585564801540,2025-06-26,2025,6,26
16481039502607986603,2025-06-27,2025,6,27
6074151178900615903,2025-06-28,2025,6,28
2135395307268823782,2025-06-29,2025,6,29
8845005943110846939,2025-06-30,2025,6,30
6106358434601848133,2025-07-01,2025,7,1
16410171092210435029,2025-07-02,2025,7,2
6135334596042105686,2025-07-03,2025,7,3
4289633570986603083,2025-07-04,2025,7,4
14543457121272564971,2025-07-05,2025,7,5
6831577606168712602,2025-07-06,2025,7,6
16409197831332529297,2025-07-07,2025,7,7
16720458511088113240,2025-07-08,2025,7,8
2099899176856480887,2025-07-09,2025,7,9
6186495745477487325,2025-07-10,2025,7,10
10487077802775749016,2025-07-11,2025,7,11
2632707217609144521,2025-07-12,2025,7,12
642814298605766560,2025-07-13,2025,7,13
14123762944614897149,2025-07-14,2025,7,14
729965323645494667,2025-07-15,2025,7,15
13131460470030597603,2025-07-16,2025,7,16
17127230270773756379,2025-07-17,2025,7,17
9798147907349952218,2025-07-18,2025,7,18
9866415022089852462,2025-07-19,2025,7,19
3980684557340804687,2025-07-20,2025,7,20
1851317640765109959,2025-07-21,2025,7,21
224200846552857128,2025-07-22,2025,7,22
9092059024279127588,2025-07-23,2025,7,23
17442578421670370345,2025-07-24,2025,7,24
3341892655521100101,2025-07-25,2025,7,25
13895036716649714567,2025-07-26,2025,7,26
5402217212855353621,2025-07-27,2025,7,27
17733507026952095255,2025-07-28,2025,7,28
1874264687001023302,2025-07-29,2025,7,29
5326763918317041064,2025-07-30,2025,7,30
18273678323736524333,2025-07-31,2025,7,31
13435041018394343012,2025-08-01,2025,8,1
8448259529947114008,2025-08-02,2025,8,2
7085416519615295031,2025-08-03,2025,8,3
6382894374543021997,2025-08-04,2025,8,4
708379030087773517,2025-08-05,2025,8,5
14706894854336442818,2025-08-06,2025,8,6
13608551145408419021,2025-08-07,2025,8,7
18201661338215005776,2025-08-08,2025,8,8
11876630735753938028,2025-08-09,2025,8,9
17343474127167372221,2025-08-10,2025,8,10
11552567613902887541,2025-08-11,2025,8,11
3953315809071475016,2025-08-12,2025,8,12
12150762207060259484,2025-08-13,2025,8,13
17746050669334056279,2025-08-14,2025,8,14
15710944418740921189,2025-08-15,2025,8,15
12797793038673427462,2025-08-16,2025,8,16
15332228767346464664,2025-08-17,2025,8,17
16097045149124127440,2025-08-18,2025,8,18
15726630717937985798,2025-08-19,2025,8,19
18044075675863462492,2025-08-20,2025,8,20
9280303094425389655,2025-08-21,2025,8,21
18129884796265993852,2025-08-22,2025,8,22
2814161198433505757,2025-08-23,2025,8,23
2959282935531330187,2025-08-24,2025,8,24
15281837362153017060,2025-08-25,2025,8,25
13890086220872465612,2025-08-26,2025,8,26
8409040813759280630,2025-08-27,2025,8,27
785360030100087389,2025-08-28,2025,8,28
16418797668919992809,2025-08-29,2025,8,29
9870341007856287895,2025-08-30,2025,8,30
14695654045870192631,2025-08-31,2025,8,31
8528587981812152820,2025-09-01,2025,9,1
2571782609669630100,2025-09-02,2025,9,2
18282600266818010930,2025-09-03,2025,9,3
10164948275779381517,2025-09-04,2025,9,4
6938547499704333093,2025-09-05,2025,9,5
13711315865990717960,2025-09-06,2025,9,6
9632053232859841257,2025-09-07,2025,9,7
11983398188409139137,2025-09-08,2025,9,8
15926908968018274216,2025-09-09,2025,9,9
3737194207113801624,2025-09-10,2025,9,10
10652131057955938003,2025-09-11,2025,9,11
13090036132947023043,2025-09-12,2025,9,12
13213818410862924300,2025-09-13,2025,9,13
17847323405401526227,2025-09-14,2025,9,14
15353505537877853631,2025-09-15,2025,9,15
15236010624644556190,2025-09-16,2025,9,16
6665013712665054161,2025-09-17,2025,9,17
12988820418602782574,2025-09-18,2025,9,18
4784077902727830813,2025-09-19,2025,9,19
3939811207494740289,2025-09-20,2025,9,20
5609570627943732085,2025-09-21,2025,9,21
15253596096851945659,2025-09-22,2025,9,22
5871594102083525279,2025-09-23,2025,9,23
11313147459559800298,2025-09-24,2025,9,24
3443867559219219217,2025-09-25,2025,9,25
813460322239943224,2025-09-26,2025,9,26
2938294058238529316,2025-09-27,2025,9,27
5021876085602406790,2025-09-28,2025,9,28
5367913658998965101,2025-09-29,2025,9,29
8474993649226869644,2025-09-30,2025,9,30
16666162548184603072,2025-10-01,2025,10,1
6777151137630148079,2025-10-02,2025,10,2
17579615988956268692,2025-10-03,2025,10,3
105575117184896707,2025-10-04,2025,10,4
679054141156619430,2025-10-05,2025,10,5
12627915759776006196,2025-10-06,2025,10,6
14921739352255700680,2025-10-07,2025,10,7
13376023009532476587,2025-10-08,2025,10,8
16310814078831879457,2025-10-09,2025,10,9
291645461185290593,2025-10-10,2025,10,10
17142312960698785127,2025-10-11,2025,10,11
11869111584186093477,2025-10-12,2025,10,12
4803991859726932328,2025-10-13,2025,10,13
8414254508953247950,2025-10-14,2025,10,14
4774324074354104280,2025-10-15,2025,10,15
13435277601370820017,2025-10-16,2025,10,16
17633626607333612987,2025-10-17,2025,10,17
14085125695948502743,2025-10-18,2025,10,18
417677047080958363,2025-10-19,2025,10,19
17526214359805883586,2025-10-20,2025,10,20
18364866781873418394,2025-10-21,2025,10,21
6593740892372387593,2025-10-22,2025,10,22
6054074584088651670,2025-10-23,2025,10,23
15121881058722795357,2025-10-24,2025,10,24
11233932115125295231,2025-10-25,2025,10,25
8410335284721418487,2025-10-26,2025,10,26
13584234568378068243,2025-10-27,2025,10,27
284251273794681630,2025-10-28,2025,10,28
12922349805948981733,2025-10-29,2025,10,29
15863996057751502194,2025-10-30,2025,10,30
16204417986666624506,2025-10-31,2025,10,31
4976979951700796796,2025-11-01,2025,11,1
3735340635807227136,2025-11-02,2025,11,2
15925497751726805901,2025-11-03,2025,11,3
5910396712555320327,2025-11-04,2025,11,4
4235422201805483949,2025-11-05,2025,11,5
11327375047722394120,2025-11-06,2025,11,6
810481601951921811,2025-11-07,2025,11,7
2836546706790006106,2025-11-08,2025,11,8
14575518176566307855,2025-11-09,2025,11,9
17100822886678717520,2025-11-10,2025,11,10
12514320290686756477,2025-11-11,2025,11,11
18314177065640549661,2025-11-12,2025,11,12
16775094585303852389,2025-11-13,2025,11,13
9729575007801266550,2025-11-14,2025,11,14
10275646580413888962,2025-11-15,2025,11,15
13853545745631355920,2025-11-16,2025,11,16
16752304886329180925,2025-11-17,2025,11,17
7131346015851852633,2025-11-18,2025,11,18
11304101977093021617,2025-11-19,2025,11,19
17910665621586509822,2025-11-20,2025,11,20
5860622084983511156,2025-11-21,2025,11,21
8455746644820430636,2025-11-22,2025,11,22
17900371645720715156,2025-11-23,2025,11,23
13690840752720353027,2025-11-24,2025,11,24
5412447382257091059,2025-11-25,2025,11,25
13706184618291248009,2025-11-26,2025,11,26
5629947755417904663,2025-11-27,2025,11,27
15337795174177513127,2025-11-28,2025,11,28
17317587296736662434,2025-11-29,2025,11,29
7455992065142058667,2025-11-30,2025,11,30
14684776538096526092,2025-12-01,2025,12,1
12431905779016181187,2025-12-02,2025,12,2
17801592847855994430,2025-12-03,2025,12,3
3923088102252370005,2025-12-04,2025,12,4
10290905875018828195,2025-12-05,2025,12,5
3256242011821936640,2025-12-06,2025,12,6
1244296805819635837,2025-12-07,2025,12,7
14417666304643143269,2025-12-08,2025,12,8
3893207586761044017,2025-12-09,2025,12,9
11944721615571853395,2025-12-10,2025,12,10
3233483991945609171,2025-12-11,2025,12,11
11408479642122787594,2025-12-12,2025,12,12
7319449954901512690,2025-12-13,2025,12,13
14942299265255390800,2025-12-14,2025,12,14
12190125113694657642,2025-12-15,2025,12,15
7325015657551341812,2025-12-16,2025,12,16
12820470838064258734,2025-12-17,2025,12,17
9186175675409114970,2025-12-18,2025,12,18
2657645902711986711,2025-12-19,2025,12,19
17800160558501819258,2025-12-20,2025,12,20
12314327039621651244,2025-12-21,2025,12,21
11546376706100249421,2025-12-22,2025,12,22
9197156345626677663,2025-12-23,2025,12,23
275416103617630543,2025-12-24,2025,12,24
3243799579925503122,2025-12-25,2025,12,25
9073495936467760142,2025-12-26,2025,12,26
5970482618339989874,2025-12-27,2025,12,27
13582443637632345839,2025-12-28,2025,12,28
